CREATE DATABASE  IF NOT EXISTS `linkedit` /*!40100 DEFAULT CHARACTER SET utf8mb4 COLLATE utf8mb4_0900_ai_ci */ /*!80016 DEFAULT ENCRYPTION='N' */;
USE `linkedit`;
-- MySQL dump 10.13  Distrib 8.0.25, for Win64 (x86_64)
--
-- Host: localhost    Database: linkedit
-- ------------------------------------------------------
-- Server version	8.0.25

/*!40101 SET @OLD_CHARACTER_SET_CLIENT=@@CHARACTER_SET_CLIENT */;
/*!40101 SET @OLD_CHARACTER_SET_RESULTS=@@CHARACTER_SET_RESULTS */;
/*!40101 SET @OLD_COLLATION_CONNECTION=@@COLLATION_CONNECTION */;
/*!50503 SET NAMES utf8 */;
/*!40103 SET @OLD_TIME_ZONE=@@TIME_ZONE */;
/*!40103 SET TIME_ZONE='+00:00' */;
/*!40014 SET @OLD_UNIQUE_CHECKS=@@UNIQUE_CHECKS, UNIQUE_CHECKS=0 */;
/*!40014 SET @OLD_FOREIGN_KEY_CHECKS=@@FOREIGN_KEY_CHECKS, FOREIGN_KEY_CHECKS=0 */;
/*!40101 SET @OLD_SQL_MODE=@@SQL_MODE, SQL_MODE='NO_AUTO_VALUE_ON_ZERO' */;
/*!40111 SET @OLD_SQL_NOTES=@@SQL_NOTES, SQL_NOTES=0 */;

--
-- Table structure for table `action`
--

DROP TABLE IF EXISTS `action`;
/*!40101 SET @saved_cs_client     = @@character_set_client */;
/*!50503 SET character_set_client = utf8mb4 */;
CREATE TABLE `action` (
  `notification_id` bigint NOT NULL AUTO_INCREMENT,
  `action_type` int DEFAULT NULL,
  `time_created` datetime DEFAULT NULL,
  `comment_id` bigint DEFAULT NULL,
  `from_user_id` bigint DEFAULT NULL,
  `post_id` bigint NOT NULL,
  `to_user_id` bigint DEFAULT NULL,
  PRIMARY KEY (`notification_id`),
  KEY `FKsnad2a8w6bxkdkn7n88digiyy` (`comment_id`),
  KEY `FKahi7o7olf8oomkk8uxlhqse9p` (`from_user_id`),
  KEY `FKoiqm9rfwl0j4o349q2gqn7n20` (`post_id`),
  KEY `FK5yxiidstk1pidjw2g00qaopyg` (`to_user_id`)
) ENGINE=MyISAM AUTO_INCREMENT=4 DEFAULT CHARSET=utf8mb4 COLLATE=utf8mb4_0900_ai_ci;
/*!40101 SET character_set_client = @saved_cs_client */;

--
-- Dumping data for table `action`
--

LOCK TABLES `action` WRITE;
/*!40000 ALTER TABLE `action` DISABLE KEYS */;
INSERT INTO `action` VALUES (1,1,'2021-08-15 22:00:03',NULL,201,4,5),(2,2,'2021-08-15 22:00:08',73,201,4,5),(3,1,'2021-08-15 22:17:55',NULL,201,6,5);
/*!40000 ALTER TABLE `action` ENABLE KEYS */;
UNLOCK TABLES;

--
-- Table structure for table `comment`
--

DROP TABLE IF EXISTS `comment`;
/*!40101 SET @saved_cs_client     = @@character_set_client */;
/*!50503 SET character_set_client = utf8mb4 */;
CREATE TABLE `comment` (
  `id` bigint NOT NULL AUTO_INCREMENT,
  `created_date` datetime DEFAULT NULL,
  `text` varchar(255) DEFAULT NULL,
  `post_id` bigint DEFAULT NULL,
  `user_id` bigint DEFAULT NULL,
  PRIMARY KEY (`id`),
  KEY `FKs1slvnkuemjsq2kj4h3vhx7i1` (`post_id`),
  KEY `FK8kcum44fvpupyw6f5baccx25c` (`user_id`)
) ENGINE=MyISAM AUTO_INCREMENT=74 DEFAULT CHARSET=utf8mb4 COLLATE=utf8mb4_0900_ai_ci;
/*!40101 SET character_set_client = @saved_cs_client */;

--
-- Dumping data for table `comment`
--

LOCK TABLES `comment` WRITE;
/*!40000 ALTER TABLE `comment` DISABLE KEYS */;
INSERT INTO `comment` VALUES (1,'2021-08-06 15:43:44','some text',26,1),(2,'2021-08-06 15:43:44','some text',41,2),(3,'2021-08-06 15:43:44','some text',320,2),(4,'2021-08-06 15:43:44','some text',51,2),(5,'2021-08-06 15:43:44','some text',53,2),(6,'2021-08-06 15:43:44','some text',63,3),(7,'2021-08-06 15:43:44','some text',26,5),(8,'2021-08-06 15:43:44','some text',321,6),(9,'2021-08-06 15:43:44','some text',35,6),(10,'2021-08-06 15:43:44','some text',57,6),(11,'2021-08-06 15:43:44','some text',51,7),(12,'2021-08-06 15:43:44','some text',50,7),(13,'2021-08-06 15:43:44','some text',62,8),(14,'2021-08-06 15:43:44','some text',65,11),(15,'2021-08-06 15:43:44','some text',73,11),(16,'2021-08-06 15:43:44','some text',66,13),(17,'2021-08-06 15:43:44','some text',66,14),(18,'2021-08-06 15:43:44','some text',321,16),(19,'2021-08-06 15:43:44','some text',73,16),(20,'2021-08-06 15:43:44','some text',320,20),(21,'2021-08-06 15:43:44','some text',76,21),(22,'2021-08-06 15:43:44','some text',320,38),(23,'2021-08-06 15:43:44','some text',143,1),(24,'2021-08-06 15:43:44','some text',148,2),(25,'2021-08-06 15:43:44','some text',131,3),(26,'2021-08-06 15:43:44','some text',150,3),(27,'2021-08-06 15:43:44','some text',114,3),(28,'2021-08-06 15:43:44','some text',141,6),(29,'2021-08-06 15:43:44','some text',135,7),(30,'2021-08-06 15:43:44','some text',141,7),(31,'2021-08-06 15:43:44','some text',148,12),(32,'2021-08-06 15:43:44','some text',155,20),(33,'2021-08-06 15:43:44','some text',157,23),(34,'2021-08-06 15:43:44','some text',159,37),(35,'2021-08-06 15:43:44','some text',321,58),(36,'2021-08-06 15:43:44','some text',321,72),(37,'2021-08-06 15:43:44','some text',320,88),(38,'2021-08-06 15:43:44','some text',321,99),(39,'2021-08-06 15:43:44','some text',227,101),(40,'2021-08-06 15:43:44','some text',200,101),(41,'2021-08-06 15:43:44','some text',213,102),(42,'2021-08-06 15:43:44','some text',239,103),(43,'2021-08-06 15:43:44','some text',204,103),(44,'2021-08-06 15:43:44','some text',222,103),(45,'2021-08-06 15:43:44','some text',218,104),(46,'2021-08-06 15:43:44','some text',239,104),(47,'2021-08-06 15:43:44','some text',238,110),(48,'2021-08-06 15:43:44','some text',228,111),(49,'2021-08-06 15:43:44','some text',239,111),(50,'2021-08-06 15:43:44','some text',237,116),(51,'2021-08-06 15:43:44','some text',238,120),(52,'2021-08-06 15:43:44','some text',293,151),(53,'2021-08-06 15:43:44','some text',276,151),(54,'2021-08-06 15:43:44','some text',292,151),(55,'2021-08-06 15:43:44','some text',275,152),(56,'2021-08-06 15:43:44','some text',265,152),(57,'2021-08-06 15:43:44','some text',294,155),(58,'2021-08-06 15:43:44','some text',281,156),(59,'2021-08-06 15:43:44','some text',290,158),(60,'2021-08-06 15:43:44','some text',291,158),(61,'2021-08-06 15:43:44','some text',300,158),(62,'2021-08-06 15:43:44','some text',299,158),(63,'2021-08-06 15:43:44','some text',308,158),(64,'2021-08-06 15:43:44','some text',306,160),(65,'2021-08-06 15:43:44','some text',316,163),(66,'2021-08-06 15:43:44','some text',314,165),(67,'2021-08-06 15:43:44','some text',318,171),(68,'2021-08-06 15:43:44','some text',313,173),(69,'2021-08-06 15:43:44','some text',318,174),(70,'2021-08-06 15:43:44','some text',317,177),(71,'2021-08-06 15:43:44','some text',319,177),(72,'2021-08-06 15:43:44','some text',318,181),(73,'2021-08-15 22:00:08','ena',4,201);
/*!40000 ALTER TABLE `comment` ENABLE KEYS */;
UNLOCK TABLES;

--
-- Table structure for table `friends`
--

DROP TABLE IF EXISTS `friends`;
/*!40101 SET @saved_cs_client     = @@character_set_client */;
/*!50503 SET character_set_client = utf8mb4 */;
CREATE TABLE `friends` (
  `id` bigint NOT NULL AUTO_INCREMENT,
  `accepted` bit(1) DEFAULT NULL,
  `user_id1` bigint DEFAULT NULL,
  `user_id2` bigint DEFAULT NULL,
  PRIMARY KEY (`id`)
) ENGINE=MyISAM AUTO_INCREMENT=4849 DEFAULT CHARSET=utf8mb4 COLLATE=utf8mb4_0900_ai_ci;
/*!40101 SET character_set_client = @saved_cs_client */;

--
-- Dumping data for table `friends`
--

LOCK TABLES `friends` WRITE;
/*!40000 ALTER TABLE `friends` DISABLE KEYS */;
INSERT INTO `friends` VALUES (1,_binary '',1,28),(2,_binary '',1,14),(3,_binary '',1,37),(4,_binary '',1,47),(5,_binary '',1,49),(6,_binary '',1,201),(7,_binary '',1,4),(8,_binary '',1,32),(9,_binary '',1,44),(10,_binary '',1,26),(11,_binary '',1,46),(12,_binary '',1,41),(13,_binary '',1,23),(14,_binary '',1,25),(15,_binary '',1,33),(16,_binary '',1,11),(17,_binary '',2,35),(18,_binary '',2,47),(19,_binary '',2,3),(20,_binary '',2,34),(21,_binary '',2,6),(22,_binary '',2,202),(23,_binary '',2,17),(24,_binary '',2,41),(25,_binary '',2,7),(26,_binary '',2,18),(27,_binary '',2,48),(28,_binary '',2,9),(29,_binary '',2,50),(30,_binary '',2,40),(31,_binary '',2,43),(32,_binary '',2,44),(33,_binary '',3,45),(34,_binary '',3,6),(35,_binary '',3,29),(36,_binary '',3,16),(37,_binary '',3,25),(38,_binary '',3,202),(39,_binary '',3,28),(40,_binary '',3,26),(41,_binary '',3,11),(42,_binary '',3,21),(43,_binary '',3,9),(44,_binary '',3,40),(45,_binary '',3,32),(46,_binary '',3,14),(47,_binary '',3,8),(48,_binary '',3,39),(49,_binary '',4,35),(50,_binary '',4,27),(51,_binary '',4,8),(52,_binary '',4,43),(53,_binary '',4,19),(54,_binary '',4,18),(55,_binary '',4,16),(56,_binary '',4,25),(57,_binary '',4,48),(58,_binary '',4,36),(59,_binary '',4,13),(60,_binary '',4,34),(61,_binary '',4,29),(62,_binary '',4,38),(63,_binary '',4,2),(64,_binary '',4,41),(65,_binary '',5,39),(66,_binary '',5,16),(67,_binary '',5,17),(68,_binary '',5,14),(69,_binary '',5,12),(70,_binary '',5,19),(71,_binary '',5,10),(72,_binary '',5,35),(73,_binary '',5,13),(74,_binary '',5,18),(75,_binary '',5,20),(76,_binary '',5,38),(77,_binary '',5,49),(78,_binary '',5,44),(79,_binary '',5,29),(80,_binary '',5,201),(81,_binary '',6,202),(82,_binary '',6,11),(83,_binary '',6,35),(84,_binary '',6,23),(85,_binary '',6,32),(86,_binary '',6,27),(87,_binary '',6,8),(88,_binary '',6,50),(89,_binary '',6,14),(90,_binary '',6,37),(91,_binary '',6,25),(92,_binary '',6,19),(93,_binary '',6,7),(94,_binary '',6,48),(95,_binary '',6,1),(96,_binary '',6,44),(97,_binary '',7,49),(98,_binary '',7,47),(99,_binary '',7,42),(100,_binary '',7,9),(101,_binary '',7,5),(102,_binary '',7,33),(103,_binary '',7,24),(104,_binary '',7,37),(105,_binary '',7,202),(106,_binary '',7,20),(107,_binary '',7,28),(108,_binary '',7,44),(109,_binary '',7,23),(110,_binary '',7,34),(111,_binary '',7,21),(112,_binary '',7,1),(113,_binary '',8,29),(114,_binary '',8,46),(115,_binary '',8,23),(116,_binary '',8,20),(117,_binary '',8,35),(118,_binary '',8,26),(119,_binary '',8,22),(120,_binary '',8,201),(121,_binary '',8,47),(122,_binary '',8,44),(123,_binary '',8,37),(124,_binary '',8,32),(125,_binary '',8,42),(126,_binary '',8,25),(127,_binary '',8,14),(128,_binary '',8,36),(129,_binary '',9,1),(130,_binary '',9,18),(131,_binary '',9,41),(132,_binary '',9,39),(133,_binary '',9,47),(134,_binary '',9,48),(135,_binary '',9,33),(136,_binary '',9,13),(137,_binary '',9,30),(138,_binary '',9,34),(139,_binary '',9,27),(140,_binary '',9,46),(141,_binary '',9,20),(142,_binary '',9,45),(143,_binary '',9,11),(144,_binary '',9,29),(145,_binary '',10,40),(146,_binary '',10,43),(147,_binary '',10,34),(148,_binary '',10,13),(149,_binary '',10,24),(150,_binary '',10,1),(151,_binary '',10,44),(152,_binary '',10,25),(153,_binary '',10,38),(154,_binary '',10,28),(155,_binary '',10,26),(156,_binary '',10,22),(157,_binary '',10,47),(158,_binary '',10,45),(159,_binary '',10,48),(160,_binary '',10,32),(161,_binary '',11,48),(162,_binary '',11,16),(163,_binary '',11,41),(164,_binary '',11,42),(165,_binary '',11,19),(166,_binary '',11,2),(167,_binary '',11,27),(168,_binary '',11,47),(169,_binary '',11,10),(170,_binary '',11,50),(171,_binary '',11,26),(172,_binary '',11,201),(173,_binary '',11,18),(174,_binary '',11,12),(175,_binary '',11,5),(176,_binary '',11,39),(177,_binary '',12,1),(178,_binary '',12,23),(179,_binary '',12,17),(180,_binary '',12,202),(181,_binary '',12,46),(182,_binary '',12,27),(183,_binary '',12,44),(184,_binary '',12,35),(185,_binary '',12,20),(186,_binary '',12,10),(187,_binary '',12,30),(188,_binary '',12,32),(189,_binary '',12,33),(190,_binary '',12,3),(191,_binary '',12,18),(192,_binary '',12,7),(193,_binary '',13,48),(194,_binary '',13,38),(195,_binary '',13,28),(196,_binary '',13,23),(197,_binary '',13,43),(198,_binary '',13,29),(199,_binary '',13,2),(200,_binary '',13,11),(201,_binary '',13,33),(202,_binary '',13,46),(203,_binary '',13,45),(204,_binary '',13,6),(205,_binary '',13,26),(206,_binary '',13,41),(207,_binary '',13,18),(208,_binary '',13,39),(209,_binary '',14,20),(210,_binary '',14,34),(211,_binary '',14,16),(212,_binary '',14,22),(213,_binary '',14,18),(214,_binary '',14,45),(215,_binary '',14,43),(216,_binary '',14,24),(217,_binary '',14,30),(218,_binary '',14,33),(219,_binary '',14,36),(220,_binary '',14,48),(221,_binary '',14,4),(222,_binary '',14,11),(223,_binary '',14,42),(224,_binary '',14,46),(225,_binary '',15,36),(226,_binary '',15,18),(227,_binary '',15,23),(228,_binary '',15,40),(229,_binary '',15,48),(230,_binary '',15,26),(231,_binary '',15,12),(232,_binary '',15,31),(233,_binary '',15,201),(234,_binary '',15,17),(235,_binary '',15,22),(236,_binary '',15,46),(237,_binary '',15,16),(238,_binary '',15,43),(239,_binary '',15,2),(240,_binary '',15,21),(241,_binary '',16,28),(242,_binary '',16,49),(243,_binary '',16,201),(244,_binary '',16,18),(245,_binary '',16,13),(246,_binary '',16,41),(247,_binary '',16,47),(248,_binary '',16,38),(249,_binary '',16,29),(250,_binary '',16,10),(251,_binary '',16,39),(252,_binary '',16,17),(253,_binary '',16,30),(254,_binary '',16,34),(255,_binary '',16,9),(256,_binary '',16,50),(257,_binary '',17,9),(258,_binary '',17,46),(259,_binary '',17,29),(260,_binary '',17,24),(261,_binary '',17,20),(262,_binary '',17,49),(263,_binary '',17,26),(264,_binary '',17,8),(265,_binary '',17,14),(266,_binary '',17,44),(267,_binary '',17,7),(268,_binary '',17,21),(269,_binary '',17,32),(270,_binary '',17,3),(271,_binary '',17,4),(272,_binary '',17,202),(273,_binary '',18,39),(274,_binary '',18,49),(275,_binary '',18,44),(276,_binary '',18,3),(277,_binary '',18,32),(278,_binary '',18,46),(279,_binary '',18,34),(280,_binary '',18,47),(281,_binary '',18,40),(282,_binary '',18,29),(283,_binary '',18,22),(284,_binary '',18,43),(285,_binary '',18,8),(286,_binary '',18,45),(287,_binary '',18,7),(288,_binary '',18,26),(289,_binary '',19,15),(290,_binary '',19,32),(291,_binary '',19,29),(292,_binary '',19,25),(293,_binary '',19,49),(294,_binary '',19,16),(295,_binary '',19,30),(296,_binary '',19,36),(297,_binary '',19,38),(298,_binary '',19,14),(299,_binary '',19,46),(300,_binary '',19,17),(301,_binary '',19,22),(302,_binary '',19,8),(303,_binary '',19,3),(304,_binary '',19,1),(305,_binary '',20,202),(306,_binary '',20,1),(307,_binary '',20,31),(308,_binary '',20,21),(309,_binary '',20,25),(310,_binary '',20,38),(311,_binary '',20,19),(312,_binary '',20,13),(313,_binary '',20,26),(314,_binary '',20,11),(315,_binary '',20,49),(316,_binary '',20,42),(317,_binary '',20,10),(318,_binary '',20,201),(319,_binary '',20,2),(320,_binary '',20,43),(321,_binary '',21,35),(322,_binary '',21,4),(323,_binary '',21,37),(324,_binary '',21,25),(325,_binary '',21,9),(326,_binary '',21,6),(327,_binary '',21,30),(328,_binary '',21,42),(329,_binary '',21,1),(330,_binary '',21,34),(331,_binary '',21,18),(332,_binary '',21,50),(333,_binary '',21,8),(334,_binary '',21,28),(335,_binary '',21,13),(336,_binary '',21,2),(337,_binary '',22,32),(338,_binary '',22,41),(339,_binary '',22,9),(340,_binary '',22,48),(341,_binary '',22,44),(342,_binary '',22,13),(343,_binary '',22,43),(344,_binary '',22,29),(345,_binary '',22,25),(346,_binary '',22,17),(347,_binary '',22,42),(348,_binary '',22,16),(349,_binary '',22,4),(350,_binary '',22,38),(351,_binary '',22,201),(352,_binary '',22,12),(353,_binary '',23,28),(354,_binary '',23,39),(355,_binary '',23,45),(356,_binary '',23,36),(357,_binary '',23,41),(358,_binary '',23,34),(359,_binary '',23,4),(360,_binary '',23,27),(361,_binary '',23,35),(362,_binary '',23,46),(363,_binary '',23,43),(364,_binary '',23,5),(365,_binary '',23,18),(366,_binary '',23,48),(367,_binary '',23,40),(368,_binary '',23,47),(369,_binary '',24,49),(370,_binary '',24,5),(371,_binary '',24,12),(372,_binary '',24,4),(373,_binary '',24,28),(374,_binary '',24,3),(375,_binary '',24,41),(376,_binary '',24,6),(377,_binary '',24,33),(378,_binary '',24,31),(379,_binary '',24,21),(380,_binary '',24,9),(381,_binary '',24,35),(382,_binary '',24,29),(383,_binary '',24,43),(384,_binary '',24,26),(385,_binary '',25,49),(386,_binary '',25,46),(387,_binary '',25,29),(388,_binary '',25,2),(389,_binary '',25,48),(390,_binary '',25,34),(391,_binary '',25,18),(392,_binary '',25,17),(393,_binary '',25,202),(394,_binary '',25,47),(395,_binary '',25,9),(396,_binary '',25,201),(397,_binary '',25,44),(398,_binary '',25,7),(399,_binary '',25,28),(400,_binary '',25,16),(401,_binary '',26,33),(402,_binary '',26,36),(403,_binary '',26,14),(404,_binary '',26,22),(405,_binary '',26,201),(406,_binary '',26,38),(407,_binary '',26,31),(408,_binary '',26,7),(409,_binary '',26,9),(410,_binary '',26,42),(411,_binary '',26,29),(412,_binary '',26,34),(413,_binary '',26,47),(414,_binary '',26,45),(415,_binary '',26,35),(416,_binary '',26,2),(417,_binary '',27,19),(418,_binary '',27,48),(419,_binary '',27,13),(420,_binary '',27,24),(421,_binary '',27,25),(422,_binary '',27,34),(423,_binary '',27,21),(424,_binary '',27,7),(425,_binary '',27,37),(426,_binary '',27,5),(427,_binary '',27,3),(428,_binary '',27,20),(429,_binary '',27,202),(430,_binary '',27,42),(431,_binary '',27,35),(432,_binary '',27,18),(433,_binary '',28,48),(434,_binary '',28,34),(435,_binary '',28,33),(436,_binary '',28,8),(437,_binary '',28,47),(438,_binary '',28,201),(439,_binary '',28,37),(440,_binary '',28,5),(441,_binary '',28,29),(442,_binary '',28,18),(443,_binary '',28,31),(444,_binary '',28,30),(445,_binary '',28,6),(446,_binary '',28,38),(447,_binary '',28,202),(448,_binary '',28,4),(449,_binary '',29,34),(450,_binary '',29,32),(451,_binary '',29,37),(452,_binary '',29,201),(453,_binary '',29,45),(454,_binary '',29,48),(455,_binary '',29,202),(456,_binary '',29,42),(457,_binary '',29,20),(458,_binary '',29,30),(459,_binary '',29,39),(460,_binary '',29,35),(461,_binary '',29,33),(462,_binary '',29,11),(463,_binary '',29,2),(464,_binary '',29,10),(465,_binary '',30,17),(466,_binary '',30,44),(467,_binary '',30,15),(468,_binary '',30,37),(469,_binary '',30,8),(470,_binary '',30,50),(471,_binary '',30,27),(472,_binary '',30,47),(473,_binary '',30,40),(474,_binary '',30,4),(475,_binary '',30,202),(476,_binary '',30,7),(477,_binary '',30,35),(478,_binary '',30,18),(479,_binary '',30,46),(480,_binary '',30,5),(481,_binary '',31,41),(482,_binary '',31,37),(483,_binary '',31,34),(484,_binary '',31,42),(485,_binary '',31,6),(486,_binary '',31,5),(487,_binary '',31,201),(488,_binary '',31,14),(489,_binary '',31,12),(490,_binary '',31,33),(491,_binary '',31,2),(492,_binary '',31,38),(493,_binary '',31,32),(494,_binary '',31,46),(495,_binary '',31,202),(496,_binary '',31,19),(497,_binary '',32,15),(498,_binary '',32,13),(499,_binary '',32,39),(500,_binary '',32,16),(501,_binary '',32,28),(502,_binary '',32,44),(503,_binary '',32,24),(504,_binary '',32,35),(505,_binary '',32,202),(506,_binary '',32,47),(507,_binary '',32,5),(508,_binary '',32,27),(509,_binary '',32,48),(510,_binary '',32,50),(511,_binary '',32,25),(512,_binary '',32,33),(513,_binary '',33,5),(514,_binary '',33,40),(515,_binary '',33,201),(516,_binary '',33,38),(517,_binary '',33,3),(518,_binary '',33,23),(519,_binary '',33,30),(520,_binary '',33,20),(521,_binary '',33,45),(522,_binary '',33,42),(523,_binary '',33,35),(524,_binary '',33,8),(525,_binary '',33,48),(526,_binary '',33,21),(527,_binary '',33,50),(528,_binary '',33,37),(529,_binary '',34,36),(530,_binary '',34,19),(531,_binary '',34,35),(532,_binary '',34,39),(533,_binary '',34,41),(534,_binary '',34,38),(535,_binary '',34,20),(536,_binary '',34,33),(537,_binary '',34,50),(538,_binary '',34,11),(539,_binary '',34,17),(540,_binary '',34,1),(541,_binary '',34,48),(542,_binary '',34,43),(543,_binary '',34,37),(544,_binary '',34,3),(545,_binary '',35,19),(546,_binary '',35,43),(547,_binary '',35,49),(548,_binary '',35,1),(549,_binary '',35,25),(550,_binary '',35,18),(551,_binary '',35,201),(552,_binary '',35,41),(553,_binary '',35,48),(554,_binary '',35,31),(555,_binary '',35,50),(556,_binary '',35,22),(557,_binary '',35,202),(558,_binary '',35,10),(559,_binary '',35,17),(560,_binary '',35,9),(561,_binary '',36,38),(562,_binary '',36,201),(563,_binary '',36,27),(564,_binary '',36,17),(565,_binary '',36,33),(566,_binary '',36,48),(567,_binary '',36,45),(568,_binary '',36,18),(569,_binary '',36,28),(570,_binary '',36,22),(571,_binary '',36,50),(572,_binary '',36,32),(573,_binary '',36,46),(574,_binary '',36,6),(575,_binary '',36,5),(576,_binary '',36,9),(577,_binary '',37,14),(578,_binary '',37,10),(579,_binary '',37,15),(580,_binary '',37,47),(581,_binary '',37,2),(582,_binary '',37,17),(583,_binary '',37,50),(584,_binary '',37,26),(585,_binary '',37,42),(586,_binary '',37,12),(587,_binary '',37,40),(588,_binary '',37,4),(589,_binary '',37,36),(590,_binary '',37,35),(591,_binary '',37,23),(592,_binary '',37,48),(593,_binary '',38,44),(594,_binary '',38,27),(595,_binary '',38,43),(596,_binary '',38,48),(597,_binary '',38,8),(598,_binary '',38,17),(599,_binary '',38,18),(600,_binary '',38,12),(601,_binary '',38,202),(602,_binary '',38,201),(603,_binary '',38,46),(604,_binary '',38,14),(605,_binary '',38,42),(606,_binary '',38,6),(607,_binary '',38,25),(608,_binary '',38,29),(609,_binary '',39,19),(610,_binary '',39,44),(611,_binary '',39,33),(612,_binary '',39,26),(613,_binary '',39,8),(614,_binary '',39,31),(615,_binary '',39,7),(616,_binary '',39,10),(617,_binary '',39,25),(618,_binary '',39,40),(619,_binary '',39,45),(620,_binary '',39,17),(621,_binary '',39,27),(622,_binary '',39,48),(623,_binary '',39,35),(624,_binary '',39,41),(625,_binary '',40,202),(626,_binary '',40,35),(627,_binary '',40,14),(628,_binary '',40,201),(629,_binary '',40,49),(630,_binary '',40,22),(631,_binary '',40,32),(632,_binary '',40,7),(633,_binary '',40,1),(634,_binary '',40,47),(635,_binary '',40,43),(636,_binary '',40,46),(637,_binary '',40,4),(638,_binary '',40,41),(639,_binary '',40,29),(640,_binary '',40,20),(641,_binary '',41,49),(642,_binary '',41,7),(643,_binary '',41,15),(644,_binary '',41,33),(645,_binary '',41,18),(646,_binary '',41,46),(647,_binary '',41,27),(648,_binary '',41,10),(649,_binary '',41,17),(650,_binary '',41,36),(651,_binary '',41,45),(652,_binary '',41,20),(653,_binary '',41,32),(654,_binary '',41,14),(655,_binary '',41,12),(656,_binary '',41,48),(657,_binary '',42,45),(658,_binary '',42,35),(659,_binary '',42,10),(660,_binary '',42,4),(661,_binary '',42,34),(662,_binary '',42,9),(663,_binary '',42,49),(664,_binary '',42,202),(665,_binary '',42,40),(666,_binary '',42,32),(667,_binary '',42,17),(668,_binary '',42,15),(669,_binary '',42,6),(670,_binary '',42,41),(671,_binary '',42,12),(672,_binary '',42,44),(673,_binary '',43,8),(674,_binary '',43,37),(675,_binary '',43,33),(676,_binary '',43,28),(677,_binary '',43,21),(678,_binary '',43,1),(679,_binary '',43,50),(680,_binary '',43,6),(681,_binary '',43,48),(682,_binary '',43,44),(683,_binary '',43,41),(684,_binary '',43,39),(685,_binary '',43,47),(686,_binary '',43,25),(687,_binary '',43,9),(688,_binary '',43,17),(689,_binary '',44,50),(690,_binary '',44,37),(691,_binary '',44,3),(692,_binary '',44,23),(693,_binary '',44,47),(694,_binary '',44,20),(695,_binary '',44,21),(696,_binary '',44,16),(697,_binary '',44,34),(698,_binary '',44,4),(699,_binary '',44,24),(700,_binary '',44,9),(701,_binary '',44,26),(702,_binary '',44,41),(703,_binary '',44,45),(704,_binary '',44,33),(705,_binary '',45,21),(706,_binary '',45,8),(707,_binary '',45,202),(708,_binary '',45,201),(709,_binary '',45,47),(710,_binary '',45,6),(711,_binary '',45,37),(712,_binary '',45,40),(713,_binary '',45,34),(714,_binary '',45,31),(715,_binary '',45,27),(716,_binary '',45,35),(717,_binary '',45,20),(718,_binary '',45,15),(719,_binary '',45,4),(720,_binary '',45,12),(721,_binary '',46,16),(722,_binary '',46,28),(723,_binary '',46,35),(724,_binary '',46,2),(725,_binary '',46,34),(726,_binary '',46,26),(727,_binary '',46,7),(728,_binary '',46,48),(729,_binary '',46,24),(730,_binary '',46,5),(731,_binary '',46,42),(732,_binary '',46,202),(733,_binary '',46,47),(734,_binary '',46,33),(735,_binary '',46,44),(736,_binary '',46,20),(737,_binary '',47,29),(738,_binary '',47,5),(739,_binary '',47,38),(740,_binary '',47,14),(741,_binary '',47,31),(742,_binary '',47,202),(743,_binary '',47,50),(744,_binary '',47,22),(745,_binary '',47,24),(746,_binary '',47,19),(747,_binary '',47,201),(748,_binary '',47,39),(749,_binary '',47,41),(750,_binary '',47,35),(751,_binary '',47,42),(752,_binary '',47,48),(753,_binary '',48,7),(754,_binary '',48,30),(755,_binary '',48,50),(756,_binary '',48,44),(757,_binary '',48,18),(758,_binary '',48,24),(759,_binary '',48,26),(760,_binary '',48,31),(761,_binary '',48,3),(762,_binary '',48,42),(763,_binary '',48,45),(764,_binary '',48,1),(765,_binary '',48,202),(766,_binary '',48,8),(767,_binary '',48,49),(768,_binary '',48,201),(769,_binary '',49,37),(770,_binary '',49,23),(771,_binary '',49,202),(772,_binary '',49,31),(773,_binary '',49,45),(774,_binary '',49,36),(775,_binary '',49,11),(776,_binary '',49,8),(777,_binary '',49,50),(778,_binary '',49,3),(779,_binary '',49,46),(780,_binary '',49,21),(781,_binary '',49,28),(782,_binary '',49,47),(783,_binary '',49,43),(784,_binary '',49,4),(785,_binary '',50,40),(786,_binary '',50,28),(787,_binary '',50,27),(788,_binary '',50,25),(789,_binary '',50,23),(790,_binary '',50,19),(791,_binary '',50,22),(792,_binary '',50,29),(793,_binary '',50,202),(794,_binary '',50,45),(795,_binary '',50,41),(796,_binary '',50,10),(797,_binary '',50,4),(798,_binary '',50,8),(799,_binary '',50,12),(800,_binary '',50,42),(801,_binary '',201,41),(802,_binary '',201,32),(803,_binary '',201,49),(804,_binary '',201,46),(805,_binary '',201,2),(806,_binary '',201,14),(807,_binary '',201,12),(808,_binary '',201,7),(809,_binary '',201,43),(810,_binary '',201,44),(811,_binary '',201,30),(812,_binary '',201,24),(813,_binary '',201,42),(814,_binary '',201,50),(815,_binary '',201,13),(816,_binary '',201,37),(817,_binary '',202,18),(818,_binary '',202,9),(819,_binary '',202,10),(820,_binary '',202,1),(821,_binary '',202,5),(822,_binary '',202,43),(823,_binary '',202,33),(824,_binary '',202,19),(825,_binary '',202,34),(826,_binary '',202,26),(827,_binary '',202,41),(828,_binary '',202,201),(829,_binary '',202,15),(830,_binary '',202,16),(831,_binary '',202,11),(832,_binary '',202,22),(833,_binary '',1,93),(834,_binary '',1,66),(835,_binary '',1,55),(836,_binary '',1,100),(837,_binary '',1,85),(838,_binary '',1,86),(839,_binary '',1,61),(840,_binary '',1,62),(841,_binary '',2,75),(842,_binary '',2,88),(843,_binary '',2,52),(844,_binary '',2,83),(845,_binary '',2,64),(846,_binary '',2,78),(847,_binary '',2,66),(848,_binary '',2,53),(849,_binary '',3,84),(850,_binary '',3,97),(851,_binary '',3,63),(852,_binary '',3,95),(853,_binary '',3,83),(854,_binary '',3,90),(855,_binary '',3,92),(856,_binary '',3,85),(857,_binary '',4,55),(858,_binary '',4,66),(859,_binary '',4,76),(860,_binary '',4,100),(861,_binary '',4,80),(862,_binary '',4,58),(863,_binary '',4,87),(864,_binary '',4,92),(865,_binary '',5,54),(866,_binary '',5,75),(867,_binary '',5,56),(868,_binary '',5,86),(869,_binary '',5,57),(870,_binary '',5,92),(871,_binary '',5,81),(872,_binary '',5,53),(873,_binary '',6,84),(874,_binary '',6,66),(875,_binary '',6,100),(876,_binary '',6,51),(877,_binary '',6,52),(878,_binary '',6,70),(879,_binary '',6,80),(880,_binary '',6,68),(881,_binary '',7,97),(882,_binary '',7,77),(883,_binary '',7,61),(884,_binary '',7,89),(885,_binary '',7,59),(886,_binary '',7,86),(887,_binary '',7,96),(888,_binary '',7,71),(889,_binary '',8,100),(890,_binary '',8,85),(891,_binary '',8,91),(892,_binary '',8,79),(893,_binary '',8,83),(894,_binary '',8,77),(895,_binary '',8,86),(896,_binary '',8,61),(897,_binary '',9,95),(898,_binary '',9,76),(899,_binary '',9,75),(900,_binary '',9,63),(901,_binary '',9,82),(902,_binary '',9,68),(903,_binary '',9,74),(904,_binary '',9,60),(905,_binary '',10,67),(906,_binary '',10,87),(907,_binary '',10,68),(908,_binary '',10,62),(909,_binary '',10,100),(910,_binary '',10,97),(911,_binary '',10,90),(912,_binary '',10,56),(913,_binary '',11,97),(914,_binary '',11,74),(915,_binary '',11,72),(916,_binary '',11,60),(917,_binary '',11,67),(918,_binary '',11,73),(919,_binary '',11,75),(920,_binary '',11,68),(921,_binary '',12,87),(922,_binary '',12,80),(923,_binary '',12,51),(924,_binary '',12,60),(925,_binary '',12,59),(926,_binary '',12,67),(927,_binary '',12,65),(928,_binary '',12,63),(929,_binary '',13,55),(930,_binary '',13,88),(931,_binary '',13,85),(932,_binary '',13,90),(933,_binary '',13,63),(934,_binary '',13,78),(935,_binary '',13,96),(936,_binary '',13,66),(937,_binary '',14,87),(938,_binary '',14,59),(939,_binary '',14,86),(940,_binary '',14,80),(941,_binary '',14,76),(942,_binary '',14,96),(943,_binary '',14,63),(944,_binary '',14,56),(945,_binary '',15,91),(946,_binary '',15,55),(947,_binary '',15,60),(948,_binary '',15,93),(949,_binary '',15,54),(950,_binary '',15,52),(951,_binary '',15,98),(952,_binary '',15,76),(953,_binary '',16,75),(954,_binary '',16,77),(955,_binary '',16,94),(956,_binary '',16,59),(957,_binary '',16,88),(958,_binary '',16,89),(959,_binary '',16,85),(960,_binary '',16,55),(961,_binary '',17,66),(962,_binary '',17,75),(963,_binary '',17,59),(964,_binary '',17,69),(965,_binary '',17,63),(966,_binary '',17,93),(967,_binary '',17,97),(968,_binary '',17,76),(969,_binary '',18,73),(970,_binary '',18,98),(971,_binary '',18,62),(972,_binary '',18,65),(973,_binary '',18,70),(974,_binary '',18,96),(975,_binary '',18,60),(976,_binary '',18,82),(977,_binary '',19,85),(978,_binary '',19,69),(979,_binary '',19,56),(980,_binary '',19,83),(981,_binary '',19,70),(982,_binary '',19,64),(983,_binary '',19,96),(984,_binary '',19,80),(985,_binary '',20,52),(986,_binary '',20,69),(987,_binary '',20,90),(988,_binary '',20,88),(989,_binary '',20,57),(990,_binary '',20,74),(991,_binary '',20,99),(992,_binary '',20,79),(993,_binary '',21,67),(994,_binary '',21,90),(995,_binary '',21,54),(996,_binary '',21,71),(997,_binary '',21,61),(998,_binary '',21,59),(999,_binary '',21,91),(1000,_binary '',21,57),(1001,_binary '',22,58),(1002,_binary '',22,78),(1003,_binary '',22,91),(1004,_binary '',22,88),(1005,_binary '',22,66),(1006,_binary '',22,98),(1007,_binary '',22,64),(1008,_binary '',22,83),(1009,_binary '',23,83),(1010,_binary '',23,76),(1011,_binary '',23,58),(1012,_binary '',23,96),(1013,_binary '',23,64),(1014,_binary '',23,75),(1015,_binary '',23,93),(1016,_binary '',23,84),(1017,_binary '',24,59),(1018,_binary '',24,96),(1019,_binary '',24,88),(1020,_binary '',24,67),(1021,_binary '',24,97),(1022,_binary '',24,51),(1023,_binary '',24,58),(1024,_binary '',24,63),(1025,_binary '',25,99),(1026,_binary '',25,87),(1027,_binary '',25,75),(1028,_binary '',25,93),(1029,_binary '',25,81),(1030,_binary '',25,85),(1031,_binary '',25,90),(1032,_binary '',25,65),(1033,_binary '',26,68),(1034,_binary '',26,53),(1035,_binary '',26,91),(1036,_binary '',26,61),(1037,_binary '',26,93),(1038,_binary '',26,86),(1039,_binary '',26,83),(1040,_binary '',26,65),(1041,_binary '',27,77),(1042,_binary '',27,68),(1043,_binary '',27,100),(1044,_binary '',27,93),(1045,_binary '',27,76),(1046,_binary '',27,82),(1047,_binary '',27,57),(1048,_binary '',27,59),(1049,_binary '',28,62),(1050,_binary '',28,86),(1051,_binary '',28,52),(1052,_binary '',28,80),(1053,_binary '',28,99),(1054,_binary '',28,53),(1055,_binary '',28,82),(1056,_binary '',28,64),(1057,_binary '',29,76),(1058,_binary '',29,97),(1059,_binary '',29,85),(1060,_binary '',29,72),(1061,_binary '',29,66),(1062,_binary '',29,57),(1063,_binary '',29,55),(1064,_binary '',29,94),(1065,_binary '',30,98),(1066,_binary '',30,53),(1067,_binary '',30,78),(1068,_binary '',30,79),(1069,_binary '',30,63),(1070,_binary '',30,62),(1071,_binary '',30,89),(1072,_binary '',30,83),(1073,_binary '',31,63),(1074,_binary '',31,83),(1075,_binary '',31,75),(1076,_binary '',31,84),(1077,_binary '',31,74),(1078,_binary '',31,65),(1079,_binary '',31,93),(1080,_binary '',31,88),(1081,_binary '',32,99),(1082,_binary '',32,100),(1083,_binary '',32,55),(1084,_binary '',32,72),(1085,_binary '',32,54),(1086,_binary '',32,80),(1087,_binary '',32,53),(1088,_binary '',32,90),(1089,_binary '',33,62),(1090,_binary '',33,60),(1091,_binary '',33,69),(1092,_binary '',33,81),(1093,_binary '',33,53),(1094,_binary '',33,88),(1095,_binary '',33,83),(1096,_binary '',33,55),(1097,_binary '',34,87),(1098,_binary '',34,76),(1099,_binary '',34,56),(1100,_binary '',34,83),(1101,_binary '',34,92),(1102,_binary '',34,70),(1103,_binary '',34,68),(1104,_binary '',34,73),(1105,_binary '',35,81),(1106,_binary '',35,54),(1107,_binary '',35,86),(1108,_binary '',35,52),(1109,_binary '',35,78),(1110,_binary '',35,70),(1111,_binary '',35,88),(1112,_binary '',35,98),(1113,_binary '',36,71),(1114,_binary '',36,60),(1115,_binary '',36,89),(1116,_binary '',36,88),(1117,_binary '',36,86),(1118,_binary '',36,68),(1119,_binary '',36,55),(1120,_binary '',36,100),(1121,_binary '',37,74),(1122,_binary '',37,77),(1123,_binary '',37,76),(1124,_binary '',37,84),(1125,_binary '',37,52),(1126,_binary '',37,87),(1127,_binary '',37,88),(1128,_binary '',37,58),(1129,_binary '',38,53),(1130,_binary '',38,87),(1131,_binary '',38,84),(1132,_binary '',38,51),(1133,_binary '',38,57),(1134,_binary '',38,72),(1135,_binary '',38,74),(1136,_binary '',38,99),(1137,_binary '',39,86),(1138,_binary '',39,53),(1139,_binary '',39,91),(1140,_binary '',39,74),(1141,_binary '',39,88),(1142,_binary '',39,55),(1143,_binary '',39,82),(1144,_binary '',39,56),(1145,_binary '',40,85),(1146,_binary '',40,79),(1147,_binary '',40,72),(1148,_binary '',40,83),(1149,_binary '',40,51),(1150,_binary '',40,61),(1151,_binary '',40,71),(1152,_binary '',40,74),(1153,_binary '',41,64),(1154,_binary '',41,60),(1155,_binary '',41,88),(1156,_binary '',41,57),(1157,_binary '',41,76),(1158,_binary '',41,71),(1159,_binary '',41,83),(1160,_binary '',41,77),(1161,_binary '',42,74),(1162,_binary '',42,72),(1163,_binary '',42,67),(1164,_binary '',42,89),(1165,_binary '',42,53),(1166,_binary '',42,96),(1167,_binary '',42,55),(1168,_binary '',42,100),(1169,_binary '',43,91),(1170,_binary '',43,66),(1171,_binary '',43,67),(1172,_binary '',43,99),(1173,_binary '',43,76),(1174,_binary '',43,86),(1175,_binary '',43,69),(1176,_binary '',43,87),(1177,_binary '',44,90),(1178,_binary '',44,56),(1179,_binary '',44,55),(1180,_binary '',44,96),(1181,_binary '',44,61),(1182,_binary '',44,68),(1183,_binary '',44,77),(1184,_binary '',44,59),(1185,_binary '',45,69),(1186,_binary '',45,86),(1187,_binary '',45,97),(1188,_binary '',45,92),(1189,_binary '',45,67),(1190,_binary '',45,66),(1191,_binary '',45,64),(1192,_binary '',45,57),(1193,_binary '',46,68),(1194,_binary '',46,97),(1195,_binary '',46,81),(1196,_binary '',46,54),(1197,_binary '',46,98),(1198,_binary '',46,83),(1199,_binary '',46,70),(1200,_binary '',46,64),(1201,_binary '',47,85),(1202,_binary '',47,55),(1203,_binary '',47,86),(1204,_binary '',47,71),(1205,_binary '',47,72),(1206,_binary '',47,69),(1207,_binary '',47,84),(1208,_binary '',47,59),(1209,_binary '',48,53),(1210,_binary '',48,79),(1211,_binary '',48,74),(1212,_binary '',48,98),(1213,_binary '',48,52),(1214,_binary '',48,71),(1215,_binary '',48,77),(1216,_binary '',48,61),(1217,_binary '',49,86),(1218,_binary '',49,53),(1219,_binary '',49,96),(1220,_binary '',49,88),(1221,_binary '',49,95),(1222,_binary '',49,93),(1223,_binary '',49,91),(1224,_binary '',49,84),(1225,_binary '',50,78),(1226,_binary '',50,62),(1227,_binary '',50,63),(1228,_binary '',50,65),(1229,_binary '',50,58),(1230,_binary '',50,88),(1231,_binary '',50,59),(1232,_binary '',50,83),(1233,_binary '',201,58),(1234,_binary '',201,97),(1235,_binary '',201,68),(1236,_binary '',201,80),(1237,_binary '',201,63),(1238,_binary '',201,54),(1239,_binary '',201,74),(1240,_binary '',201,72),(1241,_binary '',202,90),(1242,_binary '',202,97),(1243,_binary '',202,73),(1244,_binary '',202,65),(1245,_binary '',202,91),(1246,_binary '',202,51),(1247,_binary '',202,82),(1248,_binary '',202,53),(1249,_binary '',51,61),(1250,_binary '',51,67),(1251,_binary '',51,86),(1252,_binary '',51,53),(1253,_binary '',51,65),(1254,_binary '',51,99),(1255,_binary '',51,56),(1256,_binary '',51,84),(1257,_binary '',51,62),(1258,_binary '',51,63),(1259,_binary '',51,64),(1260,_binary '',51,79),(1261,_binary '',51,69),(1262,_binary '',51,66),(1263,_binary '',51,82),(1264,_binary '',51,83),(1265,_binary '',52,74),(1266,_binary '',52,71),(1267,_binary '',52,76),(1268,_binary '',52,92),(1269,_binary '',52,55),(1270,_binary '',52,63),(1271,_binary '',52,89),(1272,_binary '',52,62),(1273,_binary '',52,94),(1274,_binary '',52,90),(1275,_binary '',52,70),(1276,_binary '',52,88),(1277,_binary '',52,78),(1278,_binary '',52,81),(1279,_binary '',52,82),(1280,_binary '',52,57),(1281,_binary '',53,93),(1282,_binary '',53,91),(1283,_binary '',53,87),(1284,_binary '',53,90),(1285,_binary '',53,78),(1286,_binary '',53,96),(1287,_binary '',53,88),(1288,_binary '',53,72),(1289,_binary '',53,55),(1290,_binary '',53,92),(1291,_binary '',53,77),(1292,_binary '',53,63),(1293,_binary '',53,95),(1294,_binary '',53,83),(1295,_binary '',53,82),(1296,_binary '',53,89),(1297,_binary '',54,87),(1298,_binary '',54,93),(1299,_binary '',54,86),(1300,_binary '',54,83),(1301,_binary '',54,81),(1302,_binary '',54,89),(1303,_binary '',54,94),(1304,_binary '',54,98),(1305,_binary '',54,100),(1306,_binary '',54,79),(1307,_binary '',54,61),(1308,_binary '',54,68),(1309,_binary '',54,84),(1310,_binary '',54,70),(1311,_binary '',54,99),(1312,_binary '',54,76),(1313,_binary '',55,89),(1314,_binary '',55,85),(1315,_binary '',55,67),(1316,_binary '',55,70),(1317,_binary '',55,51),(1318,_binary '',55,99),(1319,_binary '',55,80),(1320,_binary '',55,73),(1321,_binary '',55,65),(1322,_binary '',55,83),(1323,_binary '',55,79),(1324,_binary '',55,64),(1325,_binary '',55,95),(1326,_binary '',55,81),(1327,_binary '',55,72),(1328,_binary '',55,91),(1329,_binary '',56,60),(1330,_binary '',56,75),(1331,_binary '',56,78),(1332,_binary '',56,54),(1333,_binary '',56,92),(1334,_binary '',56,58),(1335,_binary '',56,73),(1336,_binary '',56,67),(1337,_binary '',56,99),(1338,_binary '',56,85),(1339,_binary '',56,98),(1340,_binary '',56,70),(1341,_binary '',56,71),(1342,_binary '',56,72),(1343,_binary '',56,88),(1344,_binary '',56,64),(1345,_binary '',57,96),(1346,_binary '',57,56),(1347,_binary '',57,72),(1348,_binary '',57,58),(1349,_binary '',57,93),(1350,_binary '',57,92),(1351,_binary '',57,55),(1352,_binary '',57,59),(1353,_binary '',57,100),(1354,_binary '',57,95),(1355,_binary '',57,69),(1356,_binary '',57,77),(1357,_binary '',57,89),(1358,_binary '',57,65),(1359,_binary '',57,62),(1360,_binary '',57,99),(1361,_binary '',58,100),(1362,_binary '',58,99),(1363,_binary '',58,83),(1364,_binary '',58,98),(1365,_binary '',58,87),(1366,_binary '',58,92),(1367,_binary '',58,74),(1368,_binary '',58,70),(1369,_binary '',58,69),(1370,_binary '',58,75),(1371,_binary '',58,77),(1372,_binary '',58,84),(1373,_binary '',58,80),(1374,_binary '',58,55),(1375,_binary '',58,63),(1376,_binary '',58,65),(1377,_binary '',59,89),(1378,_binary '',59,53),(1379,_binary '',59,90),(1380,_binary '',59,66),(1381,_binary '',59,91),(1382,_binary '',59,65),(1383,_binary '',59,96),(1384,_binary '',59,76),(1385,_binary '',59,75),(1386,_binary '',59,64),(1387,_binary '',59,60),(1388,_binary '',59,97),(1389,_binary '',59,70),(1390,_binary '',59,98),(1391,_binary '',59,74),(1392,_binary '',59,51),(1393,_binary '',60,96),(1394,_binary '',60,94),(1395,_binary '',60,70),(1396,_binary '',60,79),(1397,_binary '',60,82),(1398,_binary '',60,61),(1399,_binary '',60,52),(1400,_binary '',60,74),(1401,_binary '',60,78),(1402,_binary '',60,86),(1403,_binary '',60,72),(1404,_binary '',60,83),(1405,_binary '',60,71),(1406,_binary '',60,89),(1407,_binary '',60,58),(1408,_binary '',60,88),(1409,_binary '',61,92),(1410,_binary '',61,69),(1411,_binary '',61,86),(1412,_binary '',61,93),(1413,_binary '',61,68),(1414,_binary '',61,78),(1415,_binary '',61,70),(1416,_binary '',61,99),(1417,_binary '',61,56),(1418,_binary '',61,91),(1419,_binary '',61,82),(1420,_binary '',61,58),(1421,_binary '',61,83),(1422,_binary '',61,65),(1423,_binary '',61,89),(1424,_binary '',61,98),(1425,_binary '',62,92),(1426,_binary '',62,98),(1427,_binary '',62,67),(1428,_binary '',62,78),(1429,_binary '',62,74),(1430,_binary '',62,65),(1431,_binary '',62,54),(1432,_binary '',62,89),(1433,_binary '',62,83),(1434,_binary '',62,61),(1435,_binary '',62,59),(1436,_binary '',62,69),(1437,_binary '',62,55),(1438,_binary '',62,64),(1439,_binary '',62,94),(1440,_binary '',62,97),(1441,_binary '',63,96),(1442,_binary '',63,55),(1443,_binary '',63,54),(1444,_binary '',63,85),(1445,_binary '',63,72),(1446,_binary '',63,90),(1447,_binary '',63,86),(1448,_binary '',63,64),(1449,_binary '',63,81),(1450,_binary '',63,68),(1451,_binary '',63,69),(1452,_binary '',63,88),(1453,_binary '',63,84),(1454,_binary '',63,67),(1455,_binary '',63,65),(1456,_binary '',63,62),(1457,_binary '',64,76),(1458,_binary '',64,54),(1459,_binary '',64,66),(1460,_binary '',64,86),(1461,_binary '',64,95),(1462,_binary '',64,79),(1463,_binary '',64,53),(1464,_binary '',64,72),(1465,_binary '',64,71),(1466,_binary '',64,77),(1467,_binary '',64,58),(1468,_binary '',64,52),(1469,_binary '',64,87),(1470,_binary '',64,83),(1471,_binary '',64,91),(1472,_binary '',64,99),(1473,_binary '',65,64),(1474,_binary '',65,70),(1475,_binary '',65,54),(1476,_binary '',65,71),(1477,_binary '',65,97),(1478,_binary '',65,60),(1479,_binary '',65,79),(1480,_binary '',65,53),(1481,_binary '',65,98),(1482,_binary '',65,69),(1483,_binary '',65,73),(1484,_binary '',65,88),(1485,_binary '',65,56),(1486,_binary '',65,93),(1487,_binary '',65,96),(1488,_binary '',65,67),(1489,_binary '',66,84),(1490,_binary '',66,78),(1491,_binary '',66,97),(1492,_binary '',66,53),(1493,_binary '',66,67),(1494,_binary '',66,99),(1495,_binary '',66,63),(1496,_binary '',66,71),(1497,_binary '',66,73),(1498,_binary '',66,80),(1499,_binary '',66,93),(1500,_binary '',66,90),(1501,_binary '',66,75),(1502,_binary '',66,94),(1503,_binary '',66,56),(1504,_binary '',66,82),(1505,_binary '',67,72),(1506,_binary '',67,89),(1507,_binary '',67,92),(1508,_binary '',67,58),(1509,_binary '',67,100),(1510,_binary '',67,78),(1511,_binary '',67,68),(1512,_binary '',67,85),(1513,_binary '',67,70),(1514,_binary '',67,99),(1515,_binary '',67,74),(1516,_binary '',67,77),(1517,_binary '',67,80),(1518,_binary '',67,73),(1519,_binary '',67,71),(1520,_binary '',67,76),(1521,_binary '',68,81),(1522,_binary '',68,83),(1523,_binary '',68,52),(1524,_binary '',68,74),(1525,_binary '',68,59),(1526,_binary '',68,70),(1527,_binary '',68,87),(1528,_binary '',68,86),(1529,_binary '',68,96),(1530,_binary '',68,97),(1531,_binary '',68,60),(1532,_binary '',68,80),(1533,_binary '',68,92),(1534,_binary '',68,91),(1535,_binary '',68,56),(1536,_binary '',68,90),(1537,_binary '',69,67),(1538,_binary '',69,66),(1539,_binary '',69,73),(1540,_binary '',69,92),(1541,_binary '',69,71),(1542,_binary '',69,68),(1543,_binary '',69,81),(1544,_binary '',69,70),(1545,_binary '',69,55),(1546,_binary '',69,78),(1547,_binary '',69,60),(1548,_binary '',69,86),(1549,_binary '',69,79),(1550,_binary '',69,94),(1551,_binary '',69,85),(1552,_binary '',69,53),(1553,_binary '',70,53),(1554,_binary '',70,97),(1555,_binary '',70,63),(1556,_binary '',70,92),(1557,_binary '',70,73),(1558,_binary '',70,98),(1559,_binary '',70,74),(1560,_binary '',70,83),(1561,_binary '',70,91),(1562,_binary '',70,93),(1563,_binary '',70,72),(1564,_binary '',70,62),(1565,_binary '',70,75),(1566,_binary '',70,90),(1567,_binary '',70,96),(1568,_binary '',70,64),(1569,_binary '',71,54),(1570,_binary '',71,70),(1571,_binary '',71,87),(1572,_binary '',71,76),(1573,_binary '',71,74),(1574,_binary '',71,100),(1575,_binary '',71,95),(1576,_binary '',71,51),(1577,_binary '',71,63),(1578,_binary '',71,57),(1579,_binary '',71,59),(1580,_binary '',71,83),(1581,_binary '',71,68),(1582,_binary '',71,61),(1583,_binary '',71,55),(1584,_binary '',71,85),(1585,_binary '',72,89),(1586,_binary '',72,85),(1587,_binary '',72,78),(1588,_binary '',72,79),(1589,_binary '',72,88),(1590,_binary '',72,83),(1591,_binary '',72,81),(1592,_binary '',72,62),(1593,_binary '',72,73),(1594,_binary '',72,68),(1595,_binary '',72,65),(1596,_binary '',72,99),(1597,_binary '',72,59),(1598,_binary '',72,100),(1599,_binary '',72,52),(1600,_binary '',72,61),(1601,_binary '',73,82),(1602,_binary '',73,74),(1603,_binary '',73,62),(1604,_binary '',73,54),(1605,_binary '',73,90),(1606,_binary '',73,94),(1607,_binary '',73,95),(1608,_binary '',73,64),(1609,_binary '',73,79),(1610,_binary '',73,92),(1611,_binary '',73,63),(1612,_binary '',73,89),(1613,_binary '',73,61),(1614,_binary '',73,87),(1615,_binary '',73,93),(1616,_binary '',73,96),(1617,_binary '',74,64),(1618,_binary '',74,81),(1619,_binary '',74,86),(1620,_binary '',74,53),(1621,_binary '',74,54),(1622,_binary '',74,82),(1623,_binary '',74,55),(1624,_binary '',74,83),(1625,_binary '',74,93),(1626,_binary '',74,98),(1627,_binary '',74,87),(1628,_binary '',74,89),(1629,_binary '',74,56),(1630,_binary '',74,72),(1631,_binary '',74,77),(1632,_binary '',74,92),(1633,_binary '',75,71),(1634,_binary '',75,52),(1635,_binary '',75,62),(1636,_binary '',75,65),(1637,_binary '',75,67),(1638,_binary '',75,82),(1639,_binary '',75,77),(1640,_binary '',75,51),(1641,_binary '',75,69),(1642,_binary '',75,61),(1643,_binary '',75,91),(1644,_binary '',75,54),(1645,_binary '',75,78),(1646,_binary '',75,90),(1647,_binary '',75,64),(1648,_binary '',75,68),(1649,_binary '',76,73),(1650,_binary '',76,100),(1651,_binary '',76,92),(1652,_binary '',76,97),(1653,_binary '',76,87),(1654,_binary '',76,82),(1655,_binary '',76,69),(1656,_binary '',76,89),(1657,_binary '',76,94),(1658,_binary '',76,62),(1659,_binary '',76,60),(1660,_binary '',76,57),(1661,_binary '',76,84),(1662,_binary '',76,98),(1663,_binary '',76,95),(1664,_binary '',76,63),(1665,_binary '',77,76),(1666,_binary '',77,79),(1667,_binary '',77,60),(1668,_binary '',77,81),(1669,_binary '',77,95),(1670,_binary '',77,66),(1671,_binary '',77,97),(1672,_binary '',77,91),(1673,_binary '',77,56),(1674,_binary '',77,98),(1675,_binary '',77,55),(1676,_binary '',77,84),(1677,_binary '',77,83),(1678,_binary '',77,87),(1679,_binary '',77,71),(1680,_binary '',77,61),(1681,_binary '',78,87),(1682,_binary '',78,96),(1683,_binary '',78,82),(1684,_binary '',78,76),(1685,_binary '',78,51),(1686,_binary '',78,86),(1687,_binary '',78,97),(1688,_binary '',78,98),(1689,_binary '',78,79),(1690,_binary '',78,88),(1691,_binary '',78,74),(1692,_binary '',78,54),(1693,_binary '',78,73),(1694,_binary '',78,95),(1695,_binary '',78,92),(1696,_binary '',78,93),(1697,_binary '',79,85),(1698,_binary '',79,70),(1699,_binary '',79,56),(1700,_binary '',79,99),(1701,_binary '',79,63),(1702,_binary '',79,61),(1703,_binary '',79,59),(1704,_binary '',79,53),(1705,_binary '',79,74),(1706,_binary '',79,87),(1707,_binary '',79,62),(1708,_binary '',79,82),(1709,_binary '',79,81),(1710,_binary '',79,90),(1711,_binary '',79,92),(1712,_binary '',79,83),(1713,_binary '',80,64),(1714,_binary '',80,76),(1715,_binary '',80,71),(1716,_binary '',80,59),(1717,_binary '',80,61),(1718,_binary '',80,72),(1719,_binary '',80,62),(1720,_binary '',80,98),(1721,_binary '',80,90),(1722,_binary '',80,84),(1723,_binary '',80,70),(1724,_binary '',80,65),(1725,_binary '',80,86),(1726,_binary '',80,96),(1727,_binary '',80,78),(1728,_binary '',80,83),(1729,_binary '',81,86),(1730,_binary '',81,70),(1731,_binary '',81,61),(1732,_binary '',81,84),(1733,_binary '',81,90),(1734,_binary '',81,83),(1735,_binary '',81,88),(1736,_binary '',81,64),(1737,_binary '',81,94),(1738,_binary '',81,60),(1739,_binary '',81,51),(1740,_binary '',81,58),(1741,_binary '',81,78),(1742,_binary '',81,75),(1743,_binary '',81,96),(1744,_binary '',81,92),(1745,_binary '',82,83),(1746,_binary '',82,98),(1747,_binary '',82,62),(1748,_binary '',82,90),(1749,_binary '',82,85),(1750,_binary '',82,64),(1751,_binary '',82,54),(1752,_binary '',82,56),(1753,_binary '',82,97),(1754,_binary '',82,57),(1755,_binary '',82,59),(1756,_binary '',82,81),(1757,_binary '',82,84),(1758,_binary '',82,88),(1759,_binary '',82,63),(1760,_binary '',82,69),(1761,_binary '',83,73),(1762,_binary '',83,100),(1763,_binary '',83,99),(1764,_binary '',83,89),(1765,_binary '',83,52),(1766,_binary '',83,86),(1767,_binary '',83,93),(1768,_binary '',83,65),(1769,_binary '',83,98),(1770,_binary '',83,57),(1771,_binary '',83,75),(1772,_binary '',83,76),(1773,_binary '',83,85),(1774,_binary '',83,78),(1775,_binary '',83,90),(1776,_binary '',83,59),(1777,_binary '',84,90),(1778,_binary '',84,65),(1779,_binary '',84,64),(1780,_binary '',84,92),(1781,_binary '',84,60),(1782,_binary '',84,57),(1783,_binary '',84,95),(1784,_binary '',84,78),(1785,_binary '',84,74),(1786,_binary '',84,86),(1787,_binary '',84,71),(1788,_binary '',84,68),(1789,_binary '',84,75),(1790,_binary '',84,96),(1791,_binary '',84,79),(1792,_binary '',84,70),(1793,_binary '',85,98),(1794,_binary '',85,96),(1795,_binary '',85,70),(1796,_binary '',85,92),(1797,_binary '',85,88),(1798,_binary '',85,75),(1799,_binary '',85,99),(1800,_binary '',85,62),(1801,_binary '',85,57),(1802,_binary '',85,60),(1803,_binary '',85,80),(1804,_binary '',85,58),(1805,_binary '',85,94),(1806,_binary '',85,86),(1807,_binary '',85,91),(1808,_binary '',85,97),(1809,_binary '',86,88),(1810,_binary '',86,71),(1811,_binary '',86,82),(1812,_binary '',86,95),(1813,_binary '',86,76),(1814,_binary '',86,66),(1815,_binary '',86,89),(1816,_binary '',86,100),(1817,_binary '',86,90),(1818,_binary '',86,99),(1819,_binary '',86,72),(1820,_binary '',86,77),(1821,_binary '',86,52),(1822,_binary '',86,73),(1823,_binary '',86,93),(1824,_binary '',86,65),(1825,_binary '',87,95),(1826,_binary '',87,75),(1827,_binary '',87,93),(1828,_binary '',87,100),(1829,_binary '',87,62),(1830,_binary '',87,51),(1831,_binary '',87,92),(1832,_binary '',87,89),(1833,_binary '',87,90),(1834,_binary '',87,65),(1835,_binary '',87,55),(1836,_binary '',87,96),(1837,_binary '',87,69),(1838,_binary '',87,57),(1839,_binary '',87,56),(1840,_binary '',87,60),(1841,_binary '',88,58),(1842,_binary '',88,97),(1843,_binary '',88,62),(1844,_binary '',88,99),(1845,_binary '',88,75),(1846,_binary '',88,71),(1847,_binary '',88,91),(1848,_binary '',88,95),(1849,_binary '',88,84),(1850,_binary '',88,68),(1851,_binary '',88,64),(1852,_binary '',88,61),(1853,_binary '',88,79),(1854,_binary '',88,59),(1855,_binary '',88,89),(1856,_binary '',88,94),(1857,_binary '',89,71),(1858,_binary '',89,100),(1859,_binary '',89,65),(1860,_binary '',89,66),(1861,_binary '',89,95),(1862,_binary '',89,82),(1863,_binary '',89,92),(1864,_binary '',89,56),(1865,_binary '',89,85),(1866,_binary '',89,81),(1867,_binary '',89,64),(1868,_binary '',89,96),(1869,_binary '',89,68),(1870,_binary '',89,98),(1871,_binary '',89,75),(1872,_binary '',89,84),(1873,_binary '',90,97),(1874,_binary '',90,64),(1875,_binary '',90,95),(1876,_binary '',90,51),(1877,_binary '',90,55),(1878,_binary '',90,57),(1879,_binary '',90,100),(1880,_binary '',90,58),(1881,_binary '',90,76),(1882,_binary '',90,72),(1883,_binary '',90,96),(1884,_binary '',90,92),(1885,_binary '',90,93),(1886,_binary '',90,60),(1887,_binary '',90,78),(1888,_binary '',90,74),(1889,_binary '',91,92),(1890,_binary '',91,73),(1891,_binary '',91,99),(1892,_binary '',91,78),(1893,_binary '',91,74),(1894,_binary '',91,86),(1895,_binary '',91,63),(1896,_binary '',91,60),(1897,_binary '',91,66),(1898,_binary '',91,52),(1899,_binary '',91,93),(1900,_binary '',91,76),(1901,_binary '',91,80),(1902,_binary '',91,90),(1903,_binary '',91,79),(1904,_binary '',91,87),(1905,_binary '',92,54),(1906,_binary '',92,51),(1907,_binary '',92,77),(1908,_binary '',92,59),(1909,_binary '',92,66),(1910,_binary '',92,95),(1911,_binary '',92,100),(1912,_binary '',92,93),(1913,_binary '',92,72),(1914,_binary '',92,88),(1915,_binary '',92,98),(1916,_binary '',92,83),(1917,_binary '',92,80),(1918,_binary '',92,60),(1919,_binary '',92,55),(1920,_binary '',92,99),(1921,_binary '',93,88),(1922,_binary '',93,56),(1923,_binary '',93,81),(1924,_binary '',93,85),(1925,_binary '',93,89),(1926,_binary '',93,59),(1927,_binary '',93,94),(1928,_binary '',93,96),(1929,_binary '',93,76),(1930,_binary '',93,77),(1931,_binary '',93,84),(1932,_binary '',93,75),(1933,_binary '',93,97),(1934,_binary '',93,71),(1935,_binary '',93,79),(1936,_binary '',93,58),(1937,_binary '',94,55),(1938,_binary '',94,64),(1939,_binary '',94,90),(1940,_binary '',94,95),(1941,_binary '',94,74),(1942,_binary '',94,57),(1943,_binary '',94,63),(1944,_binary '',94,58),(1945,_binary '',94,92),(1946,_binary '',94,56),(1947,_binary '',94,51),(1948,_binary '',94,83),(1949,_binary '',94,78),(1950,_binary '',94,70),(1951,_binary '',94,82),(1952,_binary '',94,87),(1953,_binary '',95,70),(1954,_binary '',95,91),(1955,_binary '',95,93),(1956,_binary '',95,52),(1957,_binary '',95,68),(1958,_binary '',95,81),(1959,_binary '',95,79),(1960,_binary '',95,65),(1961,_binary '',95,100),(1962,_binary '',95,85),(1963,_binary '',95,54),(1964,_binary '',95,83),(1965,_binary '',95,62),(1966,_binary '',95,98),(1967,_binary '',95,96),(1968,_binary '',95,80),(1969,_binary '',96,69),(1970,_binary '',96,88),(1971,_binary '',96,62),(1972,_binary '',96,71),(1973,_binary '',96,83),(1974,_binary '',96,76),(1975,_binary '',96,99),(1976,_binary '',96,77),(1977,_binary '',96,94),(1978,_binary '',96,86),(1979,_binary '',96,91),(1980,_binary '',96,52),(1981,_binary '',96,55),(1982,_binary '',96,82),(1983,_binary '',96,58),(1984,_binary '',96,74),(1985,_binary '',97,67),(1986,_binary '',97,57),(1987,_binary '',97,83),(1988,_binary '',97,80),(1989,_binary '',97,53),(1990,_binary '',97,79),(1991,_binary '',97,81),(1992,_binary '',97,87),(1993,_binary '',97,71),(1994,_binary '',97,74),(1995,_binary '',97,96),(1996,_binary '',97,51),(1997,_binary '',97,63),(1998,_binary '',97,100),(1999,_binary '',97,55),(2000,_binary '',97,69),(2001,_binary '',98,51),(2002,_binary '',98,68),(2003,_binary '',98,97),(2004,_binary '',98,52),(2005,_binary '',98,87),(2006,_binary '',98,57),(2007,_binary '',98,94),(2008,_binary '',98,71),(2009,_binary '',98,90),(2010,_binary '',98,91),(2011,_binary '',98,79),(2012,_binary '',98,84),(2013,_binary '',98,72),(2014,_binary '',98,88),(2015,_binary '',98,53),(2016,_binary '',98,63),(2017,_binary '',99,90),(2018,_binary '',99,53),(2019,_binary '',99,84),(2020,_binary '',99,70),(2021,_binary '',99,63),(2022,_binary '',99,60),(2023,_binary '',99,65),(2024,_binary '',99,73),(2025,_binary '',99,95),(2026,_binary '',99,87),(2027,_binary '',99,78),(2028,_binary '',99,68),(2029,_binary '',99,59),(2030,_binary '',99,69),(2031,_binary '',99,89),(2032,_binary '',99,52),(2033,_binary '',100,78),(2034,_binary '',100,69),(2035,_binary '',100,81),(2036,_binary '',100,55),(2037,_binary '',100,62),(2038,_binary '',100,64),(2039,_binary '',100,94),(2040,_binary '',100,53),(2041,_binary '',100,91),(2042,_binary '',100,99),(2043,_binary '',100,77),(2044,_binary '',100,73),(2045,_binary '',100,60),(2046,_binary '',100,65),(2047,_binary '',100,74),(2048,_binary '',100,79),(2049,_binary '',51,21),(2050,_binary '',51,14),(2051,_binary '',51,15),(2052,_binary '',51,17),(2053,_binary '',51,10),(2054,_binary '',51,45),(2055,_binary '',51,46),(2056,_binary '',51,34),(2057,_binary '',52,25),(2058,_binary '',52,7),(2059,_binary '',52,31),(2060,_binary '',52,44),(2061,_binary '',52,47),(2062,_binary '',52,201),(2063,_binary '',52,40),(2064,_binary '',52,1),(2065,_binary '',53,31),(2066,_binary '',53,20),(2067,_binary '',53,17),(2068,_binary '',53,50),(2069,_binary '',53,201),(2070,_binary '',53,45),(2071,_binary '',53,19),(2072,_binary '',53,14),(2073,_binary '',54,202),(2074,_binary '',54,9),(2075,_binary '',54,45),(2076,_binary '',54,41),(2077,_binary '',54,25),(2078,_binary '',54,43),(2079,_binary '',54,3),(2080,_binary '',54,50),(2081,_binary '',55,25),(2082,_binary '',55,30),(2083,_binary '',55,35),(2084,_binary '',55,2),(2085,_binary '',55,9),(2086,_binary '',55,7),(2087,_binary '',55,19),(2088,_binary '',55,45),(2089,_binary '',56,40),(2090,_binary '',56,28),(2091,_binary '',56,13),(2092,_binary '',56,22),(2093,_binary '',56,7),(2094,_binary '',56,16),(2095,_binary '',56,32),(2096,_binary '',56,37),(2097,_binary '',57,8),(2098,_binary '',57,12),(2099,_binary '',57,32),(2100,_binary '',57,23),(2101,_binary '',57,46),(2102,_binary '',57,42),(2103,_binary '',57,39),(2104,_binary '',57,40),(2105,_binary '',58,28),(2106,_binary '',58,26),(2107,_binary '',58,36),(2108,_binary '',58,27),(2109,_binary '',58,49),(2110,_binary '',58,2),(2111,_binary '',58,41),(2112,_binary '',58,10),(2113,_binary '',59,28),(2114,_binary '',59,9),(2115,_binary '',59,4),(2116,_binary '',59,19),(2117,_binary '',59,25),(2118,_binary '',59,40),(2119,_binary '',59,41),(2120,_binary '',59,13),(2121,_binary '',60,39),(2122,_binary '',60,31),(2123,_binary '',60,28),(2124,_binary '',60,17),(2125,_binary '',60,50),(2126,_binary '',60,7),(2127,_binary '',60,21),(2128,_binary '',60,201),(2129,_binary '',61,10),(2130,_binary '',61,36),(2131,_binary '',61,46),(2132,_binary '',61,35),(2133,_binary '',61,201),(2134,_binary '',61,17),(2135,_binary '',61,2),(2136,_binary '',61,43),(2137,_binary '',62,47),(2138,_binary '',62,7),(2139,_binary '',62,24),(2140,_binary '',62,17),(2141,_binary '',62,49),(2142,_binary '',62,19),(2143,_binary '',62,9),(2144,_binary '',62,202),(2145,_binary '',63,6),(2146,_binary '',63,27),(2147,_binary '',63,46),(2148,_binary '',63,25),(2149,_binary '',63,2),(2150,_binary '',63,38),(2151,_binary '',63,47),(2152,_binary '',63,36),(2153,_binary '',64,26),(2154,_binary '',64,32),(2155,_binary '',64,202),(2156,_binary '',64,50),(2157,_binary '',64,15),(2158,_binary '',64,33),(2159,_binary '',64,25),(2160,_binary '',64,4),(2161,_binary '',65,27),(2162,_binary '',65,39),(2163,_binary '',65,6),(2164,_binary '',65,16),(2165,_binary '',65,44),(2166,_binary '',65,3),(2167,_binary '',65,30),(2168,_binary '',65,19),(2169,_binary '',66,40),(2170,_binary '',66,3),(2171,_binary '',66,23),(2172,_binary '',66,50),(2173,_binary '',66,5),(2174,_binary '',66,38),(2175,_binary '',66,20),(2176,_binary '',66,35),(2177,_binary '',67,31),(2178,_binary '',67,40),(2179,_binary '',67,23),(2180,_binary '',67,50),(2181,_binary '',67,41),(2182,_binary '',67,34),(2183,_binary '',67,16),(2184,_binary '',67,39),(2185,_binary '',68,15),(2186,_binary '',68,16),(2187,_binary '',68,41),(2188,_binary '',68,50),(2189,_binary '',68,45),(2190,_binary '',68,14),(2191,_binary '',68,20),(2192,_binary '',68,35),(2193,_binary '',69,21),(2194,_binary '',69,46),(2195,_binary '',69,38),(2196,_binary '',69,1),(2197,_binary '',69,31),(2198,_binary '',69,201),(2199,_binary '',69,15),(2200,_binary '',69,10),(2201,_binary '',70,16),(2202,_binary '',70,11),(2203,_binary '',70,17),(2204,_binary '',70,26),(2205,_binary '',70,13),(2206,_binary '',70,9),(2207,_binary '',70,36),(2208,_binary '',70,201),(2209,_binary '',71,5),(2210,_binary '',71,25),(2211,_binary '',71,46),(2212,_binary '',71,14),(2213,_binary '',71,11),(2214,_binary '',71,3),(2215,_binary '',71,29),(2216,_binary '',71,26),(2217,_binary '',72,8),(2218,_binary '',72,45),(2219,_binary '',72,20),(2220,_binary '',72,50),(2221,_binary '',72,15),(2222,_binary '',72,41),(2223,_binary '',72,19),(2224,_binary '',72,33),(2225,_binary '',73,201),(2226,_binary '',73,42),(2227,_binary '',73,29),(2228,_binary '',73,22),(2229,_binary '',73,6),(2230,_binary '',73,5),(2231,_binary '',73,15),(2232,_binary '',73,8),(2233,_binary '',74,34),(2234,_binary '',74,30),(2235,_binary '',74,46),(2236,_binary '',74,36),(2237,_binary '',74,1),(2238,_binary '',74,28),(2239,_binary '',74,35),(2240,_binary '',74,8),(2241,_binary '',75,13),(2242,_binary '',75,1),(2243,_binary '',75,20),(2244,_binary '',75,14),(2245,_binary '',75,34),(2246,_binary '',75,39),(2247,_binary '',75,19),(2248,_binary '',75,18),(2249,_binary '',76,19),(2250,_binary '',76,2),(2251,_binary '',76,1),(2252,_binary '',76,50),(2253,_binary '',76,3),(2254,_binary '',76,5),(2255,_binary '',76,21),(2256,_binary '',76,20),(2257,_binary '',77,13),(2258,_binary '',77,2),(2259,_binary '',77,9),(2260,_binary '',77,40),(2261,_binary '',77,39),(2262,_binary '',77,43),(2263,_binary '',77,29),(2264,_binary '',77,47),(2265,_binary '',78,36),(2266,_binary '',78,15),(2267,_binary '',78,31),(2268,_binary '',78,12),(2269,_binary '',78,1),(2270,_binary '',78,9),(2271,_binary '',78,5),(2272,_binary '',78,21),(2273,_binary '',79,37),(2274,_binary '',79,6),(2275,_binary '',79,34),(2276,_binary '',79,35),(2277,_binary '',79,17),(2278,_binary '',79,13),(2279,_binary '',79,26),(2280,_binary '',79,1),(2281,_binary '',80,35),(2282,_binary '',80,18),(2283,_binary '',80,23),(2284,_binary '',80,17),(2285,_binary '',80,25),(2286,_binary '',80,26),(2287,_binary '',80,34),(2288,_binary '',80,30),(2289,_binary '',81,18),(2290,_binary '',81,6),(2291,_binary '',81,12),(2292,_binary '',81,49),(2293,_binary '',81,31),(2294,_binary '',81,37),(2295,_binary '',81,26),(2296,_binary '',81,9),(2297,_binary '',82,40),(2298,_binary '',82,14),(2299,_binary '',82,34),(2300,_binary '',82,2),(2301,_binary '',82,4),(2302,_binary '',82,21),(2303,_binary '',82,10),(2304,_binary '',82,15),(2305,_binary '',83,21),(2306,_binary '',83,27),(2307,_binary '',83,47),(2308,_binary '',83,38),(2309,_binary '',83,201),(2310,_binary '',83,5),(2311,_binary '',83,202),(2312,_binary '',83,45),(2313,_binary '',84,9),(2314,_binary '',84,36),(2315,_binary '',84,27),(2316,_binary '',84,35),(2317,_binary '',84,25),(2318,_binary '',84,18),(2319,_binary '',84,14),(2320,_binary '',84,13),(2321,_binary '',85,20),(2322,_binary '',85,46),(2323,_binary '',85,34),(2324,_binary '',85,2),(2325,_binary '',85,37),(2326,_binary '',85,18),(2327,_binary '',85,35),(2328,_binary '',85,48),(2329,_binary '',86,11),(2330,_binary '',86,15),(2331,_binary '',86,6),(2332,_binary '',86,31),(2333,_binary '',86,4),(2334,_binary '',86,19),(2335,_binary '',86,10),(2336,_binary '',86,202),(2337,_binary '',87,7),(2338,_binary '',87,3),(2339,_binary '',87,46),(2340,_binary '',87,28),(2341,_binary '',87,31),(2342,_binary '',87,30),(2343,_binary '',87,202),(2344,_binary '',87,26),(2345,_binary '',88,15),(2346,_binary '',88,5),(2347,_binary '',88,9),(2348,_binary '',88,32),(2349,_binary '',88,43),(2350,_binary '',88,28),(2351,_binary '',88,38),(2352,_binary '',88,29),(2353,_binary '',89,17),(2354,_binary '',89,26),(2355,_binary '',89,23),(2356,_binary '',89,25),(2357,_binary '',89,202),(2358,_binary '',89,37),(2359,_binary '',89,15),(2360,_binary '',89,40),(2361,_binary '',90,7),(2362,_binary '',90,12),(2363,_binary '',90,39),(2364,_binary '',90,41),(2365,_binary '',90,23),(2366,_binary '',90,5),(2367,_binary '',90,2),(2368,_binary '',90,27),(2369,_binary '',91,38),(2370,_binary '',91,32),(2371,_binary '',91,4),(2372,_binary '',91,30),(2373,_binary '',91,41),(2374,_binary '',91,42),(2375,_binary '',91,23),(2376,_binary '',91,33),(2377,_binary '',92,6),(2378,_binary '',92,22),(2379,_binary '',92,44),(2380,_binary '',92,18),(2381,_binary '',92,38),(2382,_binary '',92,50),(2383,_binary '',92,40),(2384,_binary '',92,9),(2385,_binary '',93,37),(2386,_binary '',93,11),(2387,_binary '',93,28),(2388,_binary '',93,44),(2389,_binary '',93,20),(2390,_binary '',93,46),(2391,_binary '',93,29),(2392,_binary '',93,47),(2393,_binary '',94,32),(2394,_binary '',94,48),(2395,_binary '',94,25),(2396,_binary '',94,2),(2397,_binary '',94,33),(2398,_binary '',94,17),(2399,_binary '',94,8),(2400,_binary '',94,19),(2401,_binary '',95,17),(2402,_binary '',95,2),(2403,_binary '',95,37),(2404,_binary '',95,6),(2405,_binary '',95,21),(2406,_binary '',95,41),(2407,_binary '',95,33),(2408,_binary '',95,43),(2409,_binary '',96,12),(2410,_binary '',96,15),(2411,_binary '',96,48),(2412,_binary '',96,6),(2413,_binary '',96,11),(2414,_binary '',96,30),(2415,_binary '',96,26),(2416,_binary '',96,41),(2417,_binary '',97,50),(2418,_binary '',97,44),(2419,_binary '',97,31),(2420,_binary '',97,43),(2421,_binary '',97,37),(2422,_binary '',97,32),(2423,_binary '',97,6),(2424,_binary '',97,4),(2425,_binary '',98,2),(2426,_binary '',98,3),(2427,_binary '',98,20),(2428,_binary '',98,12),(2429,_binary '',98,31),(2430,_binary '',98,40),(2431,_binary '',98,44),(2432,_binary '',98,16),(2433,_binary '',99,15),(2434,_binary '',99,23),(2435,_binary '',99,48),(2436,_binary '',99,46),(2437,_binary '',99,4),(2438,_binary '',99,2),(2439,_binary '',99,29),(2440,_binary '',99,33),(2441,_binary '',100,13),(2442,_binary '',100,26),(2443,_binary '',100,12),(2444,_binary '',100,15),(2445,_binary '',100,3),(2446,_binary '',100,21),(2447,_binary '',100,30),(2448,_binary '',100,35),(2449,_binary '',101,140),(2450,_binary '',101,134),(2451,_binary '',101,111),(2452,_binary '',101,103),(2453,_binary '',101,128),(2454,_binary '',101,115),(2455,_binary '',101,117),(2456,_binary '',101,144),(2457,_binary '',101,129),(2458,_binary '',101,113),(2459,_binary '',101,139),(2460,_binary '',101,146),(2461,_binary '',101,125),(2462,_binary '',101,127),(2463,_binary '',101,126),(2464,_binary '',101,133),(2465,_binary '',102,128),(2466,_binary '',102,118),(2467,_binary '',102,129),(2468,_binary '',102,122),(2469,_binary '',102,137),(2470,_binary '',102,106),(2471,_binary '',102,131),(2472,_binary '',102,147),(2473,_binary '',102,148),(2474,_binary '',102,127),(2475,_binary '',102,111),(2476,_binary '',102,135),(2477,_binary '',102,133),(2478,_binary '',102,150),(2479,_binary '',102,140),(2480,_binary '',102,112),(2481,_binary '',103,118),(2482,_binary '',103,127),(2483,_binary '',103,148),(2484,_binary '',103,131),(2485,_binary '',103,119),(2486,_binary '',103,123),(2487,_binary '',103,146),(2488,_binary '',103,130),(2489,_binary '',103,126),(2490,_binary '',103,136),(2491,_binary '',103,125),(2492,_binary '',103,116),(2493,_binary '',103,135),(2494,_binary '',103,134),(2495,_binary '',103,115),(2496,_binary '',103,117),(2497,_binary '',104,102),(2498,_binary '',104,143),(2499,_binary '',104,105),(2500,_binary '',104,117),(2501,_binary '',104,146),(2502,_binary '',104,125),(2503,_binary '',104,111),(2504,_binary '',104,150),(2505,_binary '',104,138),(2506,_binary '',104,132),(2507,_binary '',104,131),(2508,_binary '',104,108),(2509,_binary '',104,115),(2510,_binary '',104,110),(2511,_binary '',104,112),(2512,_binary '',104,107),(2513,_binary '',105,130),(2514,_binary '',105,136),(2515,_binary '',105,147),(2516,_binary '',105,142),(2517,_binary '',105,102),(2518,_binary '',105,118),(2519,_binary '',105,134),(2520,_binary '',105,131),(2521,_binary '',105,148),(2522,_binary '',105,114),(2523,_binary '',105,123),(2524,_binary '',105,139),(2525,_binary '',105,129),(2526,_binary '',105,108),(2527,_binary '',105,122),(2528,_binary '',105,121),(2529,_binary '',106,125),(2530,_binary '',106,142),(2531,_binary '',106,119),(2532,_binary '',106,115),(2533,_binary '',106,147),(2534,_binary '',106,129),(2535,_binary '',106,136),(2536,_binary '',106,123),(2537,_binary '',106,128),(2538,_binary '',106,146),(2539,_binary '',106,148),(2540,_binary '',106,138),(2541,_binary '',106,118),(2542,_binary '',106,112),(2543,_binary '',106,110),(2544,_binary '',106,104),(2545,_binary '',107,122),(2546,_binary '',107,123),(2547,_binary '',107,125),(2548,_binary '',107,105),(2549,_binary '',107,141),(2550,_binary '',107,138),(2551,_binary '',107,121),(2552,_binary '',107,137),(2553,_binary '',107,112),(2554,_binary '',107,110),(2555,_binary '',107,149),(2556,_binary '',107,147),(2557,_binary '',107,108),(2558,_binary '',107,135),(2559,_binary '',107,114),(2560,_binary '',107,131),(2561,_binary '',108,146),(2562,_binary '',108,115),(2563,_binary '',108,123),(2564,_binary '',108,140),(2565,_binary '',108,134),(2566,_binary '',108,141),(2567,_binary '',108,111),(2568,_binary '',108,150),(2569,_binary '',108,114),(2570,_binary '',108,120),(2571,_binary '',108,148),(2572,_binary '',108,109),(2573,_binary '',108,142),(2574,_binary '',108,126),(2575,_binary '',108,128),(2576,_binary '',108,132),(2577,_binary '',109,123),(2578,_binary '',109,146),(2579,_binary '',109,150),(2580,_binary '',109,103),(2581,_binary '',109,135),(2582,_binary '',109,105),(2583,_binary '',109,102),(2584,_binary '',109,124),(2585,_binary '',109,116),(2586,_binary '',109,110),(2587,_binary '',109,114),(2588,_binary '',109,126),(2589,_binary '',109,129),(2590,_binary '',109,133),(2591,_binary '',109,138),(2592,_binary '',109,118),(2593,_binary '',110,128),(2594,_binary '',110,139),(2595,_binary '',110,122),(2596,_binary '',110,131),(2597,_binary '',110,138),(2598,_binary '',110,140),(2599,_binary '',110,150),(2600,_binary '',110,136),(2601,_binary '',110,148),(2602,_binary '',110,112),(2603,_binary '',110,101),(2604,_binary '',110,105),(2605,_binary '',110,102),(2606,_binary '',110,118),(2607,_binary '',110,113),(2608,_binary '',110,147),(2609,_binary '',111,130),(2610,_binary '',111,126),(2611,_binary '',111,146),(2612,_binary '',111,135),(2613,_binary '',111,133),(2614,_binary '',111,118),(2615,_binary '',111,145),(2616,_binary '',111,144),(2617,_binary '',111,117),(2618,_binary '',111,136),(2619,_binary '',111,125),(2620,_binary '',111,107),(2621,_binary '',111,116),(2622,_binary '',111,105),(2623,_binary '',111,147),(2624,_binary '',111,121),(2625,_binary '',112,109),(2626,_binary '',112,144),(2627,_binary '',112,139),(2628,_binary '',112,141),(2629,_binary '',112,146),(2630,_binary '',112,125),(2631,_binary '',112,119),(2632,_binary '',112,123),(2633,_binary '',112,150),(2634,_binary '',112,143),(2635,_binary '',112,145),(2636,_binary '',112,140),(2637,_binary '',112,129),(2638,_binary '',112,121),(2639,_binary '',112,138),(2640,_binary '',112,101),(2641,_binary '',113,149),(2642,_binary '',113,135),(2643,_binary '',113,121),(2644,_binary '',113,147),(2645,_binary '',113,126),(2646,_binary '',113,145),(2647,_binary '',113,104),(2648,_binary '',113,138),(2649,_binary '',113,144),(2650,_binary '',113,129),(2651,_binary '',113,142),(2652,_binary '',113,107),(2653,_binary '',113,128),(2654,_binary '',113,148),(2655,_binary '',113,108),(2656,_binary '',113,137),(2657,_binary '',114,102),(2658,_binary '',114,101),(2659,_binary '',114,150),(2660,_binary '',114,136),(2661,_binary '',114,139),(2662,_binary '',114,127),(2663,_binary '',114,149),(2664,_binary '',114,123),(2665,_binary '',114,112),(2666,_binary '',114,126),(2667,_binary '',114,148),(2668,_binary '',114,103),(2669,_binary '',114,110),(2670,_binary '',114,119),(2671,_binary '',114,134),(2672,_binary '',114,145),(2673,_binary '',115,140),(2674,_binary '',115,127),(2675,_binary '',115,142),(2676,_binary '',115,111),(2677,_binary '',115,137),(2678,_binary '',115,131),(2679,_binary '',115,147),(2680,_binary '',115,119),(2681,_binary '',115,138),(2682,_binary '',115,139),(2683,_binary '',115,117),(2684,_binary '',115,148),(2685,_binary '',115,144),(2686,_binary '',115,150),(2687,_binary '',115,126),(2688,_binary '',115,135),(2689,_binary '',116,138),(2690,_binary '',116,127),(2691,_binary '',116,110),(2692,_binary '',116,121),(2693,_binary '',116,130),(2694,_binary '',116,126),(2695,_binary '',116,137),(2696,_binary '',116,136),(2697,_binary '',116,143),(2698,_binary '',116,133),(2699,_binary '',116,142),(2700,_binary '',116,106),(2701,_binary '',116,139),(2702,_binary '',116,140),(2703,_binary '',116,117),(2704,_binary '',116,132),(2705,_binary '',117,147),(2706,_binary '',117,141),(2707,_binary '',117,148),(2708,_binary '',117,119),(2709,_binary '',117,118),(2710,_binary '',117,125),(2711,_binary '',117,108),(2712,_binary '',117,143),(2713,_binary '',117,107),(2714,_binary '',117,130),(2715,_binary '',117,110),(2716,_binary '',117,106),(2717,_binary '',117,138),(2718,_binary '',117,127),(2719,_binary '',117,123),(2720,_binary '',117,140),(2721,_binary '',118,140),(2722,_binary '',118,115),(2723,_binary '',118,135),(2724,_binary '',118,137),(2725,_binary '',118,132),(2726,_binary '',118,123),(2727,_binary '',118,139),(2728,_binary '',118,126),(2729,_binary '',118,133),(2730,_binary '',118,143),(2731,_binary '',118,121),(2732,_binary '',118,134),(2733,_binary '',118,141),(2734,_binary '',118,149),(2735,_binary '',118,104),(2736,_binary '',118,101),(2737,_binary '',119,137),(2738,_binary '',119,120),(2739,_binary '',119,107),(2740,_binary '',119,129),(2741,_binary '',119,101),(2742,_binary '',119,143),(2743,_binary '',119,104),(2744,_binary '',119,148),(2745,_binary '',119,118),(2746,_binary '',119,136),(2747,_binary '',119,138),(2748,_binary '',119,140),(2749,_binary '',119,149),(2750,_binary '',119,130),(2751,_binary '',119,125),(2752,_binary '',119,108),(2753,_binary '',120,142),(2754,_binary '',120,115),(2755,_binary '',120,143),(2756,_binary '',120,150),(2757,_binary '',120,109),(2758,_binary '',120,133),(2759,_binary '',120,148),(2760,_binary '',120,102),(2761,_binary '',120,124),(2762,_binary '',120,146),(2763,_binary '',120,129),(2764,_binary '',120,107),(2765,_binary '',120,128),(2766,_binary '',120,144),(2767,_binary '',120,110),(2768,_binary '',120,118),(2769,_binary '',121,108),(2770,_binary '',121,124),(2771,_binary '',121,117),(2772,_binary '',121,149),(2773,_binary '',121,114),(2774,_binary '',121,122),(2775,_binary '',121,140),(2776,_binary '',121,110),(2777,_binary '',121,136),(2778,_binary '',121,115),(2779,_binary '',121,101),(2780,_binary '',121,146),(2781,_binary '',121,131),(2782,_binary '',121,123),(2783,_binary '',121,142),(2784,_binary '',121,109),(2785,_binary '',122,127),(2786,_binary '',122,143),(2787,_binary '',122,128),(2788,_binary '',122,140),(2789,_binary '',122,129),(2790,_binary '',122,108),(2791,_binary '',122,117),(2792,_binary '',122,104),(2793,_binary '',122,134),(2794,_binary '',122,119),(2795,_binary '',122,146),(2796,_binary '',122,133),(2797,_binary '',122,113),(2798,_binary '',122,114),(2799,_binary '',122,115),(2800,_binary '',122,148),(2801,_binary '',123,116),(2802,_binary '',123,125),(2803,_binary '',123,101),(2804,_binary '',123,132),(2805,_binary '',123,150),(2806,_binary '',123,133),(2807,_binary '',123,128),(2808,_binary '',123,149),(2809,_binary '',123,131),(2810,_binary '',123,134),(2811,_binary '',123,115),(2812,_binary '',123,126),(2813,_binary '',123,110),(2814,_binary '',123,143),(2815,_binary '',123,129),(2816,_binary '',123,111),(2817,_binary '',124,114),(2818,_binary '',124,118),(2819,_binary '',124,146),(2820,_binary '',124,123),(2821,_binary '',124,148),(2822,_binary '',124,117),(2823,_binary '',124,137),(2824,_binary '',124,149),(2825,_binary '',124,110),(2826,_binary '',124,102),(2827,_binary '',124,115),(2828,_binary '',124,131),(2829,_binary '',124,150),(2830,_binary '',124,139),(2831,_binary '',124,135),(2832,_binary '',124,122),(2833,_binary '',125,102),(2834,_binary '',125,145),(2835,_binary '',125,113),(2836,_binary '',125,142),(2837,_binary '',125,115),(2838,_binary '',125,105),(2839,_binary '',125,128),(2840,_binary '',125,124),(2841,_binary '',125,149),(2842,_binary '',125,150),(2843,_binary '',125,126),(2844,_binary '',125,122),(2845,_binary '',125,137),(2846,_binary '',125,144),(2847,_binary '',125,127),(2848,_binary '',125,138),(2849,_binary '',126,145),(2850,_binary '',126,117),(2851,_binary '',126,149),(2852,_binary '',126,140),(2853,_binary '',126,150),(2854,_binary '',126,105),(2855,_binary '',126,128),(2856,_binary '',126,131),(2857,_binary '',126,119),(2858,_binary '',126,146),(2859,_binary '',126,102),(2860,_binary '',126,107),(2861,_binary '',126,139),(2862,_binary '',126,134),(2863,_binary '',126,104),(2864,_binary '',126,135),(2865,_binary '',127,129),(2866,_binary '',127,119),(2867,_binary '',127,128),(2868,_binary '',127,126),(2869,_binary '',127,140),(2870,_binary '',127,105),(2871,_binary '',127,110),(2872,_binary '',127,147),(2873,_binary '',127,138),(2874,_binary '',127,131),(2875,_binary '',127,143),(2876,_binary '',127,132),(2877,_binary '',127,107),(2878,_binary '',127,142),(2879,_binary '',127,111),(2880,_binary '',127,146),(2881,_binary '',128,143),(2882,_binary '',128,132),(2883,_binary '',128,114),(2884,_binary '',128,142),(2885,_binary '',128,136),(2886,_binary '',128,150),(2887,_binary '',128,103),(2888,_binary '',128,119),(2889,_binary '',128,109),(2890,_binary '',128,117),(2891,_binary '',128,133),(2892,_binary '',128,131),(2893,_binary '',128,134),(2894,_binary '',128,121),(2895,_binary '',128,118),(2896,_binary '',128,137),(2897,_binary '',129,132),(2898,_binary '',129,117),(2899,_binary '',129,111),(2900,_binary '',129,110),(2901,_binary '',129,125),(2902,_binary '',129,144),(2903,_binary '',129,143),(2904,_binary '',129,147),(2905,_binary '',129,103),(2906,_binary '',129,138),(2907,_binary '',129,114),(2908,_binary '',129,121),(2909,_binary '',129,104),(2910,_binary '',129,134),(2911,_binary '',129,148),(2912,_binary '',129,107),(2913,_binary '',130,140),(2914,_binary '',130,141),(2915,_binary '',130,145),(2916,_binary '',130,121),(2917,_binary '',130,109),(2918,_binary '',130,101),(2919,_binary '',130,123),(2920,_binary '',130,134),(2921,_binary '',130,128),(2922,_binary '',130,146),(2923,_binary '',130,106),(2924,_binary '',130,122),(2925,_binary '',130,102),(2926,_binary '',130,142),(2927,_binary '',130,129),(2928,_binary '',130,148),(2929,_binary '',131,118),(2930,_binary '',131,143),(2931,_binary '',131,140),(2932,_binary '',131,114),(2933,_binary '',131,119),(2934,_binary '',131,141),(2935,_binary '',131,111),(2936,_binary '',131,132),(2937,_binary '',131,125),(2938,_binary '',131,135),(2939,_binary '',131,144),(2940,_binary '',131,108),(2941,_binary '',131,122),(2942,_binary '',131,138),(2943,_binary '',131,137),(2944,_binary '',131,139),(2945,_binary '',132,114),(2946,_binary '',132,138),(2947,_binary '',132,133),(2948,_binary '',132,144),(2949,_binary '',132,106),(2950,_binary '',132,122),(2951,_binary '',132,141),(2952,_binary '',132,126),(2953,_binary '',132,142),(2954,_binary '',132,112),(2955,_binary '',132,150),(2956,_binary '',132,134),(2957,_binary '',132,105),(2958,_binary '',132,117),(2959,_binary '',132,101),(2960,_binary '',132,119),(2961,_binary '',133,103),(2962,_binary '',133,117),(2963,_binary '',133,150),(2964,_binary '',133,106),(2965,_binary '',133,112),(2966,_binary '',133,140),(2967,_binary '',133,149),(2968,_binary '',133,129),(2969,_binary '',133,145),(2970,_binary '',133,107),(2971,_binary '',133,104),(2972,_binary '',133,131),(2973,_binary '',133,136),(2974,_binary '',133,114),(2975,_binary '',133,144),(2976,_binary '',133,126),(2977,_binary '',134,136),(2978,_binary '',134,137),(2979,_binary '',134,133),(2980,_binary '',134,120),(2981,_binary '',134,147),(2982,_binary '',134,125),(2983,_binary '',134,107),(2984,_binary '',134,117),(2985,_binary '',134,111),(2986,_binary '',134,139),(2987,_binary '',134,145),(2988,_binary '',134,113),(2989,_binary '',134,112),(2990,_binary '',134,150),(2991,_binary '',134,144),(2992,_binary '',134,142),(2993,_binary '',135,125),(2994,_binary '',135,134),(2995,_binary '',135,137),(2996,_binary '',135,147),(2997,_binary '',135,144),(2998,_binary '',135,143),(2999,_binary '',135,101),(3000,_binary '',135,127),(3001,_binary '',135,149),(3002,_binary '',135,140),(3003,_binary '',135,150),(3004,_binary '',135,112),(3005,_binary '',135,104),(3006,_binary '',135,148),(3007,_binary '',135,142),(3008,_binary '',135,106),(3009,_binary '',136,140),(3010,_binary '',136,129),(3011,_binary '',136,135),(3012,_binary '',136,122),(3013,_binary '',136,143),(3014,_binary '',136,117),(3015,_binary '',136,113),(3016,_binary '',136,139),(3017,_binary '',136,125),(3018,_binary '',136,146),(3019,_binary '',136,141),(3020,_binary '',136,118),(3021,_binary '',136,124),(3022,_binary '',136,138),(3023,_binary '',136,147),(3024,_binary '',136,142),(3025,_binary '',137,150),(3026,_binary '',137,143),(3027,_binary '',137,114),(3028,_binary '',137,111),(3029,_binary '',137,148),(3030,_binary '',137,121),(3031,_binary '',137,142),(3032,_binary '',137,103),(3033,_binary '',137,139),(3034,_binary '',137,117),(3035,_binary '',137,141),(3036,_binary '',137,110),(3037,_binary '',137,147),(3038,_binary '',137,132),(3039,_binary '',137,120),(3040,_binary '',137,126),(3041,_binary '',138,150),(3042,_binary '',138,123),(3043,_binary '',138,140),(3044,_binary '',138,118),(3045,_binary '',138,105),(3046,_binary '',138,114),(3047,_binary '',138,130),(3048,_binary '',138,120),(3049,_binary '',138,103),(3050,_binary '',138,122),(3051,_binary '',138,101),(3052,_binary '',138,145),(3053,_binary '',138,144),(3054,_binary '',138,128),(3055,_binary '',138,149),(3056,_binary '',138,124),(3057,_binary '',139,147),(3058,_binary '',139,132),(3059,_binary '',139,149),(3060,_binary '',139,113),(3061,_binary '',139,148),(3062,_binary '',139,128),(3063,_binary '',139,119),(3064,_binary '',139,107),(3065,_binary '',139,106),(3066,_binary '',139,111),(3067,_binary '',139,146),(3068,_binary '',139,122),(3069,_binary '',139,125),(3070,_binary '',139,108),(3071,_binary '',139,104),(3072,_binary '',139,145),(3073,_binary '',140,125),(3074,_binary '',140,144),(3075,_binary '',140,109),(3076,_binary '',140,107),(3077,_binary '',140,145),(3078,_binary '',140,123),(3079,_binary '',140,129),(3080,_binary '',140,150),(3081,_binary '',140,111),(3082,_binary '',140,141),(3083,_binary '',140,137),(3084,_binary '',140,103),(3085,_binary '',140,113),(3086,_binary '',140,149),(3087,_binary '',140,124),(3088,_binary '',140,114),(3089,_binary '',141,104),(3090,_binary '',141,120),(3091,_binary '',141,143),(3092,_binary '',141,144),(3093,_binary '',141,110),(3094,_binary '',141,109),(3095,_binary '',141,105),(3096,_binary '',141,146),(3097,_binary '',141,111),(3098,_binary '',141,138),(3099,_binary '',141,127),(3100,_binary '',141,149),(3101,_binary '',141,113),(3102,_binary '',141,139),(3103,_binary '',141,114),(3104,_binary '',141,126),(3105,_binary '',142,112),(3106,_binary '',142,139),(3107,_binary '',142,114),(3108,_binary '',142,144),(3109,_binary '',142,110),(3110,_binary '',142,140),(3111,_binary '',142,145),(3112,_binary '',142,117),(3113,_binary '',142,150),(3114,_binary '',142,149),(3115,_binary '',142,124),(3116,_binary '',142,123),(3117,_binary '',142,118),(3118,_binary '',142,143),(3119,_binary '',142,131),(3120,_binary '',142,146),(3121,_binary '',143,115),(3122,_binary '',143,109),(3123,_binary '',143,138),(3124,_binary '',143,108),(3125,_binary '',143,148),(3126,_binary '',143,124),(3127,_binary '',143,144),(3128,_binary '',143,126),(3129,_binary '',143,150),(3130,_binary '',143,140),(3131,_binary '',143,130),(3132,_binary '',143,111),(3133,_binary '',143,147),(3134,_binary '',143,110),(3135,_binary '',143,113),(3136,_binary '',143,139),(3137,_binary '',144,114),(3138,_binary '',144,109),(3139,_binary '',144,139),(3140,_binary '',144,119),(3141,_binary '',144,107),(3142,_binary '',144,106),(3143,_binary '',144,128),(3144,_binary '',144,146),(3145,_binary '',144,104),(3146,_binary '',144,145),(3147,_binary '',144,148),(3148,_binary '',144,149),(3149,_binary '',144,130),(3150,_binary '',144,121),(3151,_binary '',144,127),(3152,_binary '',144,116),(3153,_binary '',145,107),(3154,_binary '',145,104),(3155,_binary '',145,148),(3156,_binary '',145,102),(3157,_binary '',145,132),(3158,_binary '',145,124),(3159,_binary '',145,136),(3160,_binary '',145,128),(3161,_binary '',145,143),(3162,_binary '',145,116),(3163,_binary '',145,101),(3164,_binary '',145,141),(3165,_binary '',145,103),(3166,_binary '',145,121),(3167,_binary '',145,109),(3168,_binary '',145,129),(3169,_binary '',146,145),(3170,_binary '',146,129),(3171,_binary '',146,110),(3172,_binary '',146,117),(3173,_binary '',146,133),(3174,_binary '',146,125),(3175,_binary '',146,105),(3176,_binary '',146,131),(3177,_binary '',146,114),(3178,_binary '',146,134),(3179,_binary '',146,115),(3180,_binary '',146,113),(3181,_binary '',146,116),(3182,_binary '',146,143),(3183,_binary '',146,150),(3184,_binary '',146,140),(3185,_binary '',147,133),(3186,_binary '',147,116),(3187,_binary '',147,149),(3188,_binary '',147,114),(3189,_binary '',147,119),(3190,_binary '',147,108),(3191,_binary '',147,150),(3192,_binary '',147,101),(3193,_binary '',147,103),(3194,_binary '',147,140),(3195,_binary '',147,121),(3196,_binary '',147,142),(3197,_binary '',147,112),(3198,_binary '',147,130),(3199,_binary '',147,109),(3200,_binary '',147,146),(3201,_binary '',148,109),(3202,_binary '',148,121),(3203,_binary '',148,123),(3204,_binary '',148,126),(3205,_binary '',148,101),(3206,_binary '',148,138),(3207,_binary '',148,141),(3208,_binary '',148,107),(3209,_binary '',148,149),(3210,_binary '',148,112),(3211,_binary '',148,142),(3212,_binary '',148,104),(3213,_binary '',148,146),(3214,_binary '',148,118),(3215,_binary '',148,134),(3216,_binary '',148,116),(3217,_binary '',149,101),(3218,_binary '',149,109),(3219,_binary '',149,127),(3220,_binary '',149,132),(3221,_binary '',149,103),(3222,_binary '',149,108),(3223,_binary '',149,120),(3224,_binary '',149,145),(3225,_binary '',149,116),(3226,_binary '',149,115),(3227,_binary '',149,134),(3228,_binary '',149,128),(3229,_binary '',149,137),(3230,_binary '',149,117),(3231,_binary '',149,110),(3232,_binary '',149,150),(3233,_binary '',150,131),(3234,_binary '',150,105),(3235,_binary '',150,139),(3236,_binary '',150,116),(3237,_binary '',150,136),(3238,_binary '',150,145),(3239,_binary '',150,122),(3240,_binary '',150,113),(3241,_binary '',150,103),(3242,_binary '',150,118),(3243,_binary '',150,101),(3244,_binary '',150,130),(3245,_binary '',150,144),(3246,_binary '',150,129),(3247,_binary '',150,119),(3248,_binary '',150,106),(3249,_binary '',101,89),(3250,_binary '',101,80),(3251,_binary '',101,51),(3252,_binary '',101,91),(3253,_binary '',101,66),(3254,_binary '',101,59),(3255,_binary '',101,96),(3256,_binary '',101,76),(3257,_binary '',102,98),(3258,_binary '',102,90),(3259,_binary '',102,75),(3260,_binary '',102,65),(3261,_binary '',102,88),(3262,_binary '',102,68),(3263,_binary '',102,62),(3264,_binary '',102,97),(3265,_binary '',103,64),(3266,_binary '',103,61),(3267,_binary '',103,56),(3268,_binary '',103,72),(3269,_binary '',103,73),(3270,_binary '',103,58),(3271,_binary '',103,86),(3272,_binary '',103,65),(3273,_binary '',104,64),(3274,_binary '',104,72),(3275,_binary '',104,86),(3276,_binary '',104,85),(3277,_binary '',104,79),(3278,_binary '',104,100),(3279,_binary '',104,96),(3280,_binary '',104,56),(3281,_binary '',105,78),(3282,_binary '',105,87),(3283,_binary '',105,73),(3284,_binary '',105,61),(3285,_binary '',105,62),(3286,_binary '',105,90),(3287,_binary '',105,57),(3288,_binary '',105,94),(3289,_binary '',106,82),(3290,_binary '',106,90),(3291,_binary '',106,56),(3292,_binary '',106,80),(3293,_binary '',106,78),(3294,_binary '',106,64),(3295,_binary '',106,55),(3296,_binary '',106,93),(3297,_binary '',107,91),(3298,_binary '',107,67),(3299,_binary '',107,72),(3300,_binary '',107,76),(3301,_binary '',107,74),(3302,_binary '',107,88),(3303,_binary '',107,71),(3304,_binary '',107,78),(3305,_binary '',108,84),(3306,_binary '',108,90),(3307,_binary '',108,89),(3308,_binary '',108,92),(3309,_binary '',108,55),(3310,_binary '',108,63),(3311,_binary '',108,77),(3312,_binary '',108,73),(3313,_binary '',109,84),(3314,_binary '',109,98),(3315,_binary '',109,82),(3316,_binary '',109,73),(3317,_binary '',109,95),(3318,_binary '',109,58),(3319,_binary '',109,79),(3320,_binary '',109,72),(3321,_binary '',110,51),(3322,_binary '',110,65),(3323,_binary '',110,70),(3324,_binary '',110,77),(3325,_binary '',110,93),(3326,_binary '',110,94),(3327,_binary '',110,59),(3328,_binary '',110,63),(3329,_binary '',111,68),(3330,_binary '',111,96),(3331,_binary '',111,83),(3332,_binary '',111,90),(3333,_binary '',111,53),(3334,_binary '',111,61),(3335,_binary '',111,88),(3336,_binary '',111,70),(3337,_binary '',112,54),(3338,_binary '',112,93),(3339,_binary '',112,58),(3340,_binary '',112,68),(3341,_binary '',112,91),(3342,_binary '',112,88),(3343,_binary '',112,62),(3344,_binary '',112,96),(3345,_binary '',113,91),(3346,_binary '',113,86),(3347,_binary '',113,79),(3348,_binary '',113,87),(3349,_binary '',113,66),(3350,_binary '',113,80),(3351,_binary '',113,78),(3352,_binary '',113,54),(3353,_binary '',114,60),(3354,_binary '',114,82),(3355,_binary '',114,74),(3356,_binary '',114,83),(3357,_binary '',114,69),(3358,_binary '',114,98),(3359,_binary '',114,75),(3360,_binary '',114,56),(3361,_binary '',115,87),(3362,_binary '',115,78),(3363,_binary '',115,59),(3364,_binary '',115,94),(3365,_binary '',115,95),(3366,_binary '',115,83),(3367,_binary '',115,65),(3368,_binary '',115,82),(3369,_binary '',116,55),(3370,_binary '',116,88),(3371,_binary '',116,97),(3372,_binary '',116,74),(3373,_binary '',116,85),(3374,_binary '',116,84),(3375,_binary '',116,62),(3376,_binary '',116,54),(3377,_binary '',117,96),(3378,_binary '',117,64),(3379,_binary '',117,63),(3380,_binary '',117,52),(3381,_binary '',117,73),(3382,_binary '',117,66),(3383,_binary '',117,84),(3384,_binary '',117,92),(3385,_binary '',118,77),(3386,_binary '',118,86),(3387,_binary '',118,61),(3388,_binary '',118,66),(3389,_binary '',118,51),(3390,_binary '',118,65),(3391,_binary '',118,83),(3392,_binary '',118,85),(3393,_binary '',119,54),(3394,_binary '',119,92),(3395,_binary '',119,60),(3396,_binary '',119,86),(3397,_binary '',119,56),(3398,_binary '',119,52),(3399,_binary '',119,85),(3400,_binary '',119,68),(3401,_binary '',120,65),(3402,_binary '',120,74),(3403,_binary '',120,72),(3404,_binary '',120,97),(3405,_binary '',120,59),(3406,_binary '',120,57),(3407,_binary '',120,67),(3408,_binary '',120,77),(3409,_binary '',121,73),(3410,_binary '',121,89),(3411,_binary '',121,53),(3412,_binary '',121,86),(3413,_binary '',121,54),(3414,_binary '',121,94),(3415,_binary '',121,80),(3416,_binary '',121,97),(3417,_binary '',122,91),(3418,_binary '',122,71),(3419,_binary '',122,70),(3420,_binary '',122,94),(3421,_binary '',122,98),(3422,_binary '',122,75),(3423,_binary '',122,81),(3424,_binary '',122,69),(3425,_binary '',123,94),(3426,_binary '',123,58),(3427,_binary '',123,88),(3428,_binary '',123,92),(3429,_binary '',123,51),(3430,_binary '',123,96),(3431,_binary '',123,57),(3432,_binary '',123,78),(3433,_binary '',124,55),(3434,_binary '',124,64),(3435,_binary '',124,58),(3436,_binary '',124,91),(3437,_binary '',124,51),(3438,_binary '',124,66),(3439,_binary '',124,81),(3440,_binary '',124,72),(3441,_binary '',125,64),(3442,_binary '',125,69),(3443,_binary '',125,80),(3444,_binary '',125,95),(3445,_binary '',125,86),(3446,_binary '',125,87),(3447,_binary '',125,96),(3448,_binary '',125,83),(3449,_binary '',126,64),(3450,_binary '',126,95),(3451,_binary '',126,80),(3452,_binary '',126,75),(3453,_binary '',126,56),(3454,_binary '',126,97),(3455,_binary '',126,52),(3456,_binary '',126,55),(3457,_binary '',127,70),(3458,_binary '',127,97),(3459,_binary '',127,90),(3460,_binary '',127,79),(3461,_binary '',127,64),(3462,_binary '',127,69),(3463,_binary '',127,77),(3464,_binary '',127,62),(3465,_binary '',128,92),(3466,_binary '',128,89),(3467,_binary '',128,93),(3468,_binary '',128,76),(3469,_binary '',128,75),(3470,_binary '',128,97),(3471,_binary '',128,80),(3472,_binary '',128,65),(3473,_binary '',129,66),(3474,_binary '',129,82),(3475,_binary '',129,51),(3476,_binary '',129,69),(3477,_binary '',129,68),(3478,_binary '',129,81),(3479,_binary '',129,73),(3480,_binary '',129,99),(3481,_binary '',130,58),(3482,_binary '',130,88),(3483,_binary '',130,97),(3484,_binary '',130,95),(3485,_binary '',130,93),(3486,_binary '',130,99),(3487,_binary '',130,64),(3488,_binary '',130,79),(3489,_binary '',131,75),(3490,_binary '',131,64),(3491,_binary '',131,77),(3492,_binary '',131,54),(3493,_binary '',131,97),(3494,_binary '',131,62),(3495,_binary '',131,99),(3496,_binary '',131,95),(3497,_binary '',132,94),(3498,_binary '',132,75),(3499,_binary '',132,78),(3500,_binary '',132,74),(3501,_binary '',132,84),(3502,_binary '',132,60),(3503,_binary '',132,55),(3504,_binary '',132,83),(3505,_binary '',133,96),(3506,_binary '',133,61),(3507,_binary '',133,53),(3508,_binary '',133,88),(3509,_binary '',133,100),(3510,_binary '',133,64),(3511,_binary '',133,99),(3512,_binary '',133,83),(3513,_binary '',134,85),(3514,_binary '',134,97),(3515,_binary '',134,80),(3516,_binary '',134,92),(3517,_binary '',134,70),(3518,_binary '',134,81),(3519,_binary '',134,59),(3520,_binary '',134,52),(3521,_binary '',135,96),(3522,_binary '',135,79),(3523,_binary '',135,78),(3524,_binary '',135,93),(3525,_binary '',135,94),(3526,_binary '',135,88),(3527,_binary '',135,73),(3528,_binary '',135,74),(3529,_binary '',136,64),(3530,_binary '',136,100),(3531,_binary '',136,68),(3532,_binary '',136,93),(3533,_binary '',136,80),(3534,_binary '',136,87),(3535,_binary '',136,81),(3536,_binary '',136,94),(3537,_binary '',137,90),(3538,_binary '',137,77),(3539,_binary '',137,69),(3540,_binary '',137,68),(3541,_binary '',137,79),(3542,_binary '',137,55),(3543,_binary '',137,58),(3544,_binary '',137,71),(3545,_binary '',138,79),(3546,_binary '',138,94),(3547,_binary '',138,69),(3548,_binary '',138,84),(3549,_binary '',138,65),(3550,_binary '',138,83),(3551,_binary '',138,71),(3552,_binary '',138,66),(3553,_binary '',139,60),(3554,_binary '',139,61),(3555,_binary '',139,67),(3556,_binary '',139,96),(3557,_binary '',139,66),(3558,_binary '',139,77),(3559,_binary '',139,52),(3560,_binary '',139,94),(3561,_binary '',140,78),(3562,_binary '',140,76),(3563,_binary '',140,65),(3564,_binary '',140,59),(3565,_binary '',140,55),(3566,_binary '',140,56),(3567,_binary '',140,61),(3568,_binary '',140,80),(3569,_binary '',141,89),(3570,_binary '',141,97),(3571,_binary '',141,75),(3572,_binary '',141,65),(3573,_binary '',141,69),(3574,_binary '',141,76),(3575,_binary '',141,68),(3576,_binary '',141,51),(3577,_binary '',142,69),(3578,_binary '',142,60),(3579,_binary '',142,58),(3580,_binary '',142,98),(3581,_binary '',142,78),(3582,_binary '',142,93),(3583,_binary '',142,70),(3584,_binary '',142,95),(3585,_binary '',143,77),(3586,_binary '',143,86),(3587,_binary '',143,54),(3588,_binary '',143,93),(3589,_binary '',143,98),(3590,_binary '',143,94),(3591,_binary '',143,60),(3592,_binary '',143,57),(3593,_binary '',144,100),(3594,_binary '',144,61),(3595,_binary '',144,84),(3596,_binary '',144,82),(3597,_binary '',144,78),(3598,_binary '',144,58),(3599,_binary '',144,54),(3600,_binary '',144,73),(3601,_binary '',145,92),(3602,_binary '',145,71),(3603,_binary '',145,70),(3604,_binary '',145,53),(3605,_binary '',145,79),(3606,_binary '',145,73),(3607,_binary '',145,69),(3608,_binary '',145,86),(3609,_binary '',146,91),(3610,_binary '',146,64),(3611,_binary '',146,67),(3612,_binary '',146,98),(3613,_binary '',146,68),(3614,_binary '',146,61),(3615,_binary '',146,69),(3616,_binary '',146,83),(3617,_binary '',147,72),(3618,_binary '',147,86),(3619,_binary '',147,56),(3620,_binary '',147,95),(3621,_binary '',147,53),(3622,_binary '',147,59),(3623,_binary '',147,75),(3624,_binary '',147,71),(3625,_binary '',148,72),(3626,_binary '',148,81),(3627,_binary '',148,61),(3628,_binary '',148,69),(3629,_binary '',148,52),(3630,_binary '',148,99),(3631,_binary '',148,67),(3632,_binary '',148,85),(3633,_binary '',149,91),(3634,_binary '',149,90),(3635,_binary '',149,87),(3636,_binary '',149,52),(3637,_binary '',149,77),(3638,_binary '',149,85),(3639,_binary '',149,80),(3640,_binary '',149,100),(3641,_binary '',150,52),(3642,_binary '',150,90),(3643,_binary '',150,83),(3644,_binary '',150,75),(3645,_binary '',150,57),(3646,_binary '',150,58),(3647,_binary '',150,87),(3648,_binary '',150,56),(3649,_binary '',151,182),(3650,_binary '',151,164),(3651,_binary '',151,173),(3652,_binary '',151,188),(3653,_binary '',151,153),(3654,_binary '',151,177),(3655,_binary '',151,181),(3656,_binary '',151,185),(3657,_binary '',151,171),(3658,_binary '',151,163),(3659,_binary '',151,159),(3660,_binary '',151,167),(3661,_binary '',151,178),(3662,_binary '',151,191),(3663,_binary '',151,183),(3664,_binary '',151,157),(3665,_binary '',152,177),(3666,_binary '',152,179),(3667,_binary '',152,186),(3668,_binary '',152,184),(3669,_binary '',152,169),(3670,_binary '',152,156),(3671,_binary '',152,154),(3672,_binary '',152,178),(3673,_binary '',152,160),(3674,_binary '',152,173),(3675,_binary '',152,200),(3676,_binary '',152,163),(3677,_binary '',152,180),(3678,_binary '',152,174),(3679,_binary '',152,158),(3680,_binary '',152,188),(3681,_binary '',153,189),(3682,_binary '',153,172),(3683,_binary '',153,193),(3684,_binary '',153,157),(3685,_binary '',153,164),(3686,_binary '',153,171),(3687,_binary '',153,161),(3688,_binary '',153,200),(3689,_binary '',153,156),(3690,_binary '',153,198),(3691,_binary '',153,169),(3692,_binary '',153,186),(3693,_binary '',153,188),(3694,_binary '',153,155),(3695,_binary '',153,182),(3696,_binary '',153,187),(3697,_binary '',154,180),(3698,_binary '',154,183),(3699,_binary '',154,179),(3700,_binary '',154,175),(3701,_binary '',154,174),(3702,_binary '',154,184),(3703,_binary '',154,200),(3704,_binary '',154,191),(3705,_binary '',154,181),(3706,_binary '',154,162),(3707,_binary '',154,194),(3708,_binary '',154,160),(3709,_binary '',154,151),(3710,_binary '',154,170),(3711,_binary '',154,192),(3712,_binary '',154,164),(3713,_binary '',155,200),(3714,_binary '',155,159),(3715,_binary '',155,195),(3716,_binary '',155,166),(3717,_binary '',155,180),(3718,_binary '',155,156),(3719,_binary '',155,182),(3720,_binary '',155,183),(3721,_binary '',155,186),(3722,_binary '',155,175),(3723,_binary '',155,176),(3724,_binary '',155,190),(3725,_binary '',155,191),(3726,_binary '',155,198),(3727,_binary '',155,178),(3728,_binary '',155,185),(3729,_binary '',156,192),(3730,_binary '',156,183),(3731,_binary '',156,194),(3732,_binary '',156,178),(3733,_binary '',156,181),(3734,_binary '',156,168),(3735,_binary '',156,159),(3736,_binary '',156,193),(3737,_binary '',156,163),(3738,_binary '',156,175),(3739,_binary '',156,190),(3740,_binary '',156,179),(3741,_binary '',156,164),(3742,_binary '',156,160),(3743,_binary '',156,191),(3744,_binary '',156,154),(3745,_binary '',157,173),(3746,_binary '',157,196),(3747,_binary '',157,165),(3748,_binary '',157,193),(3749,_binary '',157,160),(3750,_binary '',157,169),(3751,_binary '',157,188),(3752,_binary '',157,200),(3753,_binary '',157,194),(3754,_binary '',157,187),(3755,_binary '',157,182),(3756,_binary '',157,172),(3757,_binary '',157,189),(3758,_binary '',157,191),(3759,_binary '',157,197),(3760,_binary '',157,155),(3761,_binary '',158,193),(3762,_binary '',158,190),(3763,_binary '',158,176),(3764,_binary '',158,155),(3765,_binary '',158,151),(3766,_binary '',158,156),(3767,_binary '',158,159),(3768,_binary '',158,186),(3769,_binary '',158,167),(3770,_binary '',158,154),(3771,_binary '',158,164),(3772,_binary '',158,178),(3773,_binary '',158,172),(3774,_binary '',158,194),(3775,_binary '',158,168),(3776,_binary '',158,173),(3777,_binary '',159,163),(3778,_binary '',159,194),(3779,_binary '',159,161),(3780,_binary '',159,177),(3781,_binary '',159,173),(3782,_binary '',159,178),(3783,_binary '',159,179),(3784,_binary '',159,172),(3785,_binary '',159,183),(3786,_binary '',159,157),(3787,_binary '',159,193),(3788,_binary '',159,154),(3789,_binary '',159,160),(3790,_binary '',159,200),(3791,_binary '',159,189),(3792,_binary '',159,196),(3793,_binary '',160,164),(3794,_binary '',160,163),(3795,_binary '',160,155),(3796,_binary '',160,193),(3797,_binary '',160,161),(3798,_binary '',160,180),(3799,_binary '',160,183),(3800,_binary '',160,171),(3801,_binary '',160,195),(3802,_binary '',160,190),(3803,_binary '',160,169),(3804,_binary '',160,170),(3805,_binary '',160,179),(3806,_binary '',160,153),(3807,_binary '',160,199),(3808,_binary '',160,167),(3809,_binary '',161,157),(3810,_binary '',161,165),(3811,_binary '',161,167),(3812,_binary '',161,192),(3813,_binary '',161,187),(3814,_binary '',161,182),(3815,_binary '',161,163),(3816,_binary '',161,155),(3817,_binary '',161,169),(3818,_binary '',161,152),(3819,_binary '',161,166),(3820,_binary '',161,200),(3821,_binary '',161,194),(3822,_binary '',161,162),(3823,_binary '',161,188),(3824,_binary '',161,190),(3825,_binary '',162,180),(3826,_binary '',162,157),(3827,_binary '',162,151),(3828,_binary '',162,163),(3829,_binary '',162,187),(3830,_binary '',162,174),(3831,_binary '',162,192),(3832,_binary '',162,191),(3833,_binary '',162,168),(3834,_binary '',162,156),(3835,_binary '',162,170),(3836,_binary '',162,165),(3837,_binary '',162,175),(3838,_binary '',162,185),(3839,_binary '',162,159),(3840,_binary '',162,158),(3841,_binary '',163,170),(3842,_binary '',163,184),(3843,_binary '',163,157),(3844,_binary '',163,200),(3845,_binary '',163,199),(3846,_binary '',163,164),(3847,_binary '',163,179),(3848,_binary '',163,176),(3849,_binary '',163,191),(3850,_binary '',163,181),(3851,_binary '',163,192),(3852,_binary '',163,169),(3853,_binary '',163,195),(3854,_binary '',163,174),(3855,_binary '',163,186),(3856,_binary '',163,198),(3857,_binary '',164,185),(3858,_binary '',164,192),(3859,_binary '',164,165),(3860,_binary '',164,159),(3861,_binary '',164,178),(3862,_binary '',164,195),(3863,_binary '',164,198),(3864,_binary '',164,196),(3865,_binary '',164,174),(3866,_binary '',164,182),(3867,_binary '',164,166),(3868,_binary '',164,155),(3869,_binary '',164,172),(3870,_binary '',164,177),(3871,_binary '',164,179),(3872,_binary '',164,180),(3873,_binary '',165,193),(3874,_binary '',165,189),(3875,_binary '',165,198),(3876,_binary '',165,190),(3877,_binary '',165,192),(3878,_binary '',165,179),(3879,_binary '',165,174),(3880,_binary '',165,153),(3881,_binary '',165,194),(3882,_binary '',165,167),(3883,_binary '',165,159),(3884,_binary '',165,184),(3885,_binary '',165,199),(3886,_binary '',165,177),(3887,_binary '',165,163),(3888,_binary '',165,171),(3889,_binary '',166,157),(3890,_binary '',166,151),(3891,_binary '',166,198),(3892,_binary '',166,192),(3893,_binary '',166,165),(3894,_binary '',166,163),(3895,_binary '',166,196),(3896,_binary '',166,175),(3897,_binary '',166,170),(3898,_binary '',166,193),(3899,_binary '',166,200),(3900,_binary '',166,174),(3901,_binary '',166,152),(3902,_binary '',166,194),(3903,_binary '',166,189),(3904,_binary '',166,168),(3905,_binary '',167,170),(3906,_binary '',167,162),(3907,_binary '',167,193),(3908,_binary '',167,195),(3909,_binary '',167,173),(3910,_binary '',167,197),(3911,_binary '',167,187),(3912,_binary '',167,199),(3913,_binary '',167,175),(3914,_binary '',167,182),(3915,_binary '',167,180),(3916,_binary '',167,200),(3917,_binary '',167,194),(3918,_binary '',167,189),(3919,_binary '',167,154),(3920,_binary '',167,156),(3921,_binary '',168,161),(3922,_binary '',168,163),(3923,_binary '',168,178),(3924,_binary '',168,159),(3925,_binary '',168,198),(3926,_binary '',168,175),(3927,_binary '',168,176),(3928,_binary '',168,188),(3929,_binary '',168,173),(3930,_binary '',168,153),(3931,_binary '',168,186),(3932,_binary '',168,180),(3933,_binary '',168,187),(3934,_binary '',168,169),(3935,_binary '',168,195),(3936,_binary '',168,174),(3937,_binary '',169,198),(3938,_binary '',169,172),(3939,_binary '',169,174),(3940,_binary '',169,151),(3941,_binary '',169,158),(3942,_binary '',169,175),(3943,_binary '',169,170),(3944,_binary '',169,154),(3945,_binary '',169,193),(3946,_binary '',169,199),(3947,_binary '',169,183),(3948,_binary '',169,181),(3949,_binary '',169,182),(3950,_binary '',169,171),(3951,_binary '',169,196),(3952,_binary '',169,178),(3953,_binary '',170,198),(3954,_binary '',170,180),(3955,_binary '',170,188),(3956,_binary '',170,186),(3957,_binary '',170,183),(3958,_binary '',170,165),(3959,_binary '',170,161),(3960,_binary '',170,153),(3961,_binary '',170,176),(3962,_binary '',170,171),(3963,_binary '',170,158),(3964,_binary '',170,190),(3965,_binary '',170,177),(3966,_binary '',170,187),(3967,_binary '',170,189),(3968,_binary '',170,197),(3969,_binary '',171,159),(3970,_binary '',171,156),(3971,_binary '',171,167),(3972,_binary '',171,166),(3973,_binary '',171,195),(3974,_binary '',171,168),(3975,_binary '',171,187),(3976,_binary '',171,162),(3977,_binary '',171,180),(3978,_binary '',171,178),(3979,_binary '',171,152),(3980,_binary '',171,183),(3981,_binary '',171,177),(3982,_binary '',171,198),(3983,_binary '',171,182),(3984,_binary '',171,184),(3985,_binary '',172,197),(3986,_binary '',172,175),(3987,_binary '',172,195),(3988,_binary '',172,177),(3989,_binary '',172,180),(3990,_binary '',172,192),(3991,_binary '',172,185),(3992,_binary '',172,178),(3993,_binary '',172,152),(3994,_binary '',172,167),(3995,_binary '',172,189),(3996,_binary '',172,154),(3997,_binary '',172,171),(3998,_binary '',172,183),(3999,_binary '',172,198),(4000,_binary '',172,161),(4001,_binary '',173,170),(4002,_binary '',173,198),(4003,_binary '',173,177),(4004,_binary '',173,184),(4005,_binary '',173,200),(4006,_binary '',173,160),(4007,_binary '',173,156),(4008,_binary '',173,182),(4009,_binary '',173,155),(4010,_binary '',173,178),(4011,_binary '',173,174),(4012,_binary '',173,191),(4013,_binary '',173,180),(4014,_binary '',173,176),(4015,_binary '',173,190),(4016,_binary '',173,171),(4017,_binary '',174,194),(4018,_binary '',174,182),(4019,_binary '',174,186),(4020,_binary '',174,155),(4021,_binary '',174,184),(4022,_binary '',174,159),(4023,_binary '',174,191),(4024,_binary '',174,156),(4025,_binary '',174,189),(4026,_binary '',174,195),(4027,_binary '',174,181),(4028,_binary '',174,183),(4029,_binary '',174,160),(4030,_binary '',174,200),(4031,_binary '',174,178),(4032,_binary '',174,199),(4033,_binary '',175,153),(4034,_binary '',175,173),(4035,_binary '',175,191),(4036,_binary '',175,198),(4037,_binary '',175,195),(4038,_binary '',175,170),(4039,_binary '',175,194),(4040,_binary '',175,197),(4041,_binary '',175,174),(4042,_binary '',175,177),(4043,_binary '',175,176),(4044,_binary '',175,181),(4045,_binary '',175,179),(4046,_binary '',175,171),(4047,_binary '',175,190),(4048,_binary '',175,160),(4049,_binary '',176,159),(4050,_binary '',176,195),(4051,_binary '',176,181),(4052,_binary '',176,167),(4053,_binary '',176,191),(4054,_binary '',176,178),(4055,_binary '',176,187),(4056,_binary '',176,189),(4057,_binary '',176,154),(4058,_binary '',176,169),(4059,_binary '',176,184),(4060,_binary '',176,182),(4061,_binary '',176,179),(4062,_binary '',176,160),(4063,_binary '',176,192),(4064,_binary '',176,165),(4065,_binary '',177,200),(4066,_binary '',177,155),(4067,_binary '',177,194),(4068,_binary '',177,186),(4069,_binary '',177,187),(4070,_binary '',177,188),(4071,_binary '',177,174),(4072,_binary '',177,161),(4073,_binary '',177,191),(4074,_binary '',177,168),(4075,_binary '',177,190),(4076,_binary '',177,192),(4077,_binary '',177,181),(4078,_binary '',177,156),(4079,_binary '',177,167),(4080,_binary '',177,182),(4081,_binary '',178,197),(4082,_binary '',178,180),(4083,_binary '',178,153),(4084,_binary '',178,167),(4085,_binary '',178,182),(4086,_binary '',178,184),(4087,_binary '',178,160),(4088,_binary '',178,198),(4089,_binary '',178,175),(4090,_binary '',178,181),(4091,_binary '',178,191),(4092,_binary '',178,179),(4093,_binary '',178,154),(4094,_binary '',178,163),(4095,_binary '',178,196),(4096,_binary '',178,192),(4097,_binary '',179,198),(4098,_binary '',179,167),(4099,_binary '',179,182),(4100,_binary '',179,169),(4101,_binary '',179,153),(4102,_binary '',179,187),(4103,_binary '',179,171),(4104,_binary '',179,166),(4105,_binary '',179,170),(4106,_binary '',179,173),(4107,_binary '',179,194),(4108,_binary '',179,168),(4109,_binary '',179,158),(4110,_binary '',179,174),(4111,_binary '',179,197),(4112,_binary '',179,188),(4113,_binary '',180,157),(4114,_binary '',180,189),(4115,_binary '',180,197),(4116,_binary '',180,158),(4117,_binary '',180,176),(4118,_binary '',180,169),(4119,_binary '',180,185),(4120,_binary '',180,174),(4121,_binary '',180,182),(4122,_binary '',180,175),(4123,_binary '',180,179),(4124,_binary '',180,151),(4125,_binary '',180,191),(4126,_binary '',180,166),(4127,_binary '',180,159),(4128,_binary '',180,161),(4129,_binary '',181,173),(4130,_binary '',181,165),(4131,_binary '',181,192),(4132,_binary '',181,200),(4133,_binary '',181,195),(4134,_binary '',181,193),(4135,_binary '',181,164),(4136,_binary '',181,190),(4137,_binary '',181,189),(4138,_binary '',181,180),(4139,_binary '',181,168),(4140,_binary '',181,194),(4141,_binary '',181,155),(4142,_binary '',181,171),(4143,_binary '',181,157),(4144,_binary '',181,185),(4145,_binary '',182,196),(4146,_binary '',182,195),(4147,_binary '',182,172),(4148,_binary '',182,160),(4149,_binary '',182,163),(4150,_binary '',182,168),(4151,_binary '',182,185),(4152,_binary '',182,156),(4153,_binary '',182,189),(4154,_binary '',182,197),(4155,_binary '',182,192),(4156,_binary '',182,158),(4157,_binary '',182,187),(4158,_binary '',182,159),(4159,_binary '',182,198),(4160,_binary '',182,175),(4161,_binary '',183,157),(4162,_binary '',183,178),(4163,_binary '',183,197),(4164,_binary '',183,186),(4165,_binary '',183,164),(4166,_binary '',183,194),(4167,_binary '',183,190),(4168,_binary '',183,158),(4169,_binary '',183,192),(4170,_binary '',183,188),(4171,_binary '',183,177),(4172,_binary '',183,176),(4173,_binary '',183,179),(4174,_binary '',183,198),(4175,_binary '',183,200),(4176,_binary '',183,185),(4177,_binary '',184,189),(4178,_binary '',184,159),(4179,_binary '',184,180),(4180,_binary '',184,181),(4181,_binary '',184,175),(4182,_binary '',184,157),(4183,_binary '',184,172),(4184,_binary '',184,168),(4185,_binary '',184,191),(4186,_binary '',184,160),(4187,_binary '',184,167),(4188,_binary '',184,193),(4189,_binary '',184,153),(4190,_binary '',184,200),(4191,_binary '',184,161),(4192,_binary '',184,197),(4193,_binary '',185,193),(4194,_binary '',185,153),(4195,_binary '',185,171),(4196,_binary '',185,161),(4197,_binary '',185,177),(4198,_binary '',185,179),(4199,_binary '',185,190),(4200,_binary '',185,152),(4201,_binary '',185,178),(4202,_binary '',185,186),(4203,_binary '',185,187),(4204,_binary '',185,176),(4205,_binary '',185,158),(4206,_binary '',185,194),(4207,_binary '',185,154),(4208,_binary '',185,159),(4209,_binary '',186,166),(4210,_binary '',186,182),(4211,_binary '',186,192),(4212,_binary '',186,175),(4213,_binary '',186,171),(4214,_binary '',186,159),(4215,_binary '',186,169),(4216,_binary '',186,190),(4217,_binary '',186,187),(4218,_binary '',186,160),(4219,_binary '',186,199),(4220,_binary '',186,188),(4221,_binary '',186,197),(4222,_binary '',186,164),(4223,_binary '',186,180),(4224,_binary '',186,181),(4225,_binary '',187,191),(4226,_binary '',187,178),(4227,_binary '',187,184),(4228,_binary '',187,151),(4229,_binary '',187,166),(4230,_binary '',187,196),(4231,_binary '',187,175),(4232,_binary '',187,190),(4233,_binary '',187,152),(4234,_binary '',187,200),(4235,_binary '',187,183),(4236,_binary '',187,159),(4237,_binary '',187,180),(4238,_binary '',187,199),(4239,_binary '',187,174),(4240,_binary '',187,158),(4241,_binary '',188,198),(4242,_binary '',188,156),(4243,_binary '',188,196),(4244,_binary '',188,173),(4245,_binary '',188,176),(4246,_binary '',188,174),(4247,_binary '',188,194),(4248,_binary '',188,182),(4249,_binary '',188,175),(4250,_binary '',188,185),(4251,_binary '',188,154),(4252,_binary '',188,171),(4253,_binary '',188,199),(4254,_binary '',188,165),(4255,_binary '',188,155),(4256,_binary '',188,162),(4257,_binary '',189,195),(4258,_binary '',189,158),(4259,_binary '',189,160),(4260,_binary '',189,198),(4261,_binary '',189,155),(4262,_binary '',189,161),(4263,_binary '',189,191),(4264,_binary '',189,168),(4265,_binary '',189,199),(4266,_binary '',189,162),(4267,_binary '',189,169),(4268,_binary '',189,192),(4269,_binary '',189,179),(4270,_binary '',189,185),(4271,_binary '',189,186),(4272,_binary '',189,151),(4273,_binary '',190,163),(4274,_binary '',190,162),(4275,_binary '',190,167),(4276,_binary '',190,176),(4277,_binary '',190,191),(4278,_binary '',190,200),(4279,_binary '',190,188),(4280,_binary '',190,198),(4281,_binary '',190,180),(4282,_binary '',190,194),(4283,_binary '',190,189),(4284,_binary '',190,151),(4285,_binary '',190,159),(4286,_binary '',190,169),(4287,_binary '',190,172),(4288,_binary '',190,164),(4289,_binary '',191,192),(4290,_binary '',191,153),(4291,_binary '',191,169),(4292,_binary '',191,165),(4293,_binary '',191,199),(4294,_binary '',191,158),(4295,_binary '',191,198),(4296,_binary '',191,160),(4297,_binary '',191,152),(4298,_binary '',191,161),(4299,_binary '',191,179),(4300,_binary '',191,171),(4301,_binary '',191,183),(4302,_binary '',191,196),(4303,_binary '',191,188),(4304,_binary '',191,159),(4305,_binary '',192,185),(4306,_binary '',192,190),(4307,_binary '',192,184),(4308,_binary '',192,158),(4309,_binary '',192,179),(4310,_binary '',192,171),(4311,_binary '',192,193),(4312,_binary '',192,170),(4313,_binary '',192,160),(4314,_binary '',192,168),(4315,_binary '',192,167),(4316,_binary '',192,152),(4317,_binary '',192,151),(4318,_binary '',192,174),(4319,_binary '',192,153),(4320,_binary '',192,197),(4321,_binary '',193,197),(4322,_binary '',193,189),(4323,_binary '',193,182),(4324,_binary '',193,172),(4325,_binary '',193,188),(4326,_binary '',193,163),(4327,_binary '',193,162),(4328,_binary '',193,173),(4329,_binary '',193,196),(4330,_binary '',193,198),(4331,_binary '',193,174),(4332,_binary '',193,180),(4333,_binary '',193,175),(4334,_binary '',193,179),(4335,_binary '',193,190),(4336,_binary '',193,170),(4337,_binary '',194,184),(4338,_binary '',194,189),(4339,_binary '',194,186),(4340,_binary '',194,169),(4341,_binary '',194,200),(4342,_binary '',194,191),(4343,_binary '',194,170),(4344,_binary '',194,196),(4345,_binary '',194,164),(4346,_binary '',194,180),(4347,_binary '',194,163),(4348,_binary '',194,178),(4349,_binary '',194,155),(4350,_binary '',194,160),(4351,_binary '',194,187),(4352,_binary '',194,197),(4353,_binary '',195,187),(4354,_binary '',195,158),(4355,_binary '',195,157),(4356,_binary '',195,193),(4357,_binary '',195,180),(4358,_binary '',195,188),(4359,_binary '',195,191),(4360,_binary '',195,153),(4361,_binary '',195,159),(4362,_binary '',195,154),(4363,_binary '',195,196),(4364,_binary '',195,183),(4365,_binary '',195,199),(4366,_binary '',195,190),(4367,_binary '',195,169),(4368,_binary '',195,165),(4369,_binary '',196,172),(4370,_binary '',196,171),(4371,_binary '',196,163),(4372,_binary '',196,199),(4373,_binary '',196,158),(4374,_binary '',196,177),(4375,_binary '',196,200),(4376,_binary '',196,183),(4377,_binary '',196,185),(4378,_binary '',196,156),(4379,_binary '',196,175),(4380,_binary '',196,152),(4381,_binary '',196,176),(4382,_binary '',196,173),(4383,_binary '',196,190),(4384,_binary '',196,184),(4385,_binary '',197,176),(4386,_binary '',197,189),(4387,_binary '',197,160),(4388,_binary '',197,156),(4389,_binary '',197,199),(4390,_binary '',197,165),(4391,_binary '',197,163),(4392,_binary '',197,181),(4393,_binary '',197,200),(4394,_binary '',197,196),(4395,_binary '',197,171),(4396,_binary '',197,151),(4397,_binary '',197,195),(4398,_binary '',197,198),(4399,_binary '',197,152),(4400,_binary '',197,161),(4401,_binary '',198,167),(4402,_binary '',198,157),(4403,_binary '',198,177),(4404,_binary '',198,158),(4405,_binary '',198,196),(4406,_binary '',198,181),(4407,_binary '',198,176),(4408,_binary '',198,154),(4409,_binary '',198,156),(4410,_binary '',198,187),(4411,_binary '',198,194),(4412,_binary '',198,199),(4413,_binary '',198,159),(4414,_binary '',198,160),(4415,_binary '',198,162),(4416,_binary '',198,200),(4417,_binary '',199,164),(4418,_binary '',199,177),(4419,_binary '',199,154),(4420,_binary '',199,183),(4421,_binary '',199,172),(4422,_binary '',199,185),(4423,_binary '',199,173),(4424,_binary '',199,193),(4425,_binary '',199,178),(4426,_binary '',199,200),(4427,_binary '',199,175),(4428,_binary '',199,155),(4429,_binary '',199,180),(4430,_binary '',199,159),(4431,_binary '',199,156),(4432,_binary '',199,151),(4433,_binary '',200,178),(4434,_binary '',200,180),(4435,_binary '',200,172),(4436,_binary '',200,179),(4437,_binary '',200,151),(4438,_binary '',200,160),(4439,_binary '',200,195),(4440,_binary '',200,165),(4441,_binary '',200,168),(4442,_binary '',200,162),(4443,_binary '',200,193),(4444,_binary '',200,175),(4445,_binary '',200,185),(4446,_binary '',200,186),(4447,_binary '',200,170),(4448,_binary '',200,156),(4449,_binary '',151,54),(4450,_binary '',151,57),(4451,_binary '',151,86),(4452,_binary '',151,68),(4453,_binary '',151,98),(4454,_binary '',151,70),(4455,_binary '',151,64),(4456,_binary '',151,78),(4457,_binary '',152,86),(4458,_binary '',152,88),(4459,_binary '',152,63),(4460,_binary '',152,66),(4461,_binary '',152,68),(4462,_binary '',152,56),(4463,_binary '',152,77),(4464,_binary '',152,76),(4465,_binary '',153,94),(4466,_binary '',153,83),(4467,_binary '',153,69),(4468,_binary '',153,89),(4469,_binary '',153,82),(4470,_binary '',153,56),(4471,_binary '',153,77),(4472,_binary '',153,65),(4473,_binary '',154,95),(4474,_binary '',154,63),(4475,_binary '',154,81),(4476,_binary '',154,58),(4477,_binary '',154,83),(4478,_binary '',154,73),(4479,_binary '',154,87),(4480,_binary '',154,99),(4481,_binary '',155,85),(4482,_binary '',155,56),(4483,_binary '',155,53),(4484,_binary '',155,71),(4485,_binary '',155,66),(4486,_binary '',155,79),(4487,_binary '',155,63),(4488,_binary '',155,59),(4489,_binary '',156,56),(4490,_binary '',156,94),(4491,_binary '',156,81),(4492,_binary '',156,55),(4493,_binary '',156,54),(4494,_binary '',156,60),(4495,_binary '',156,82),(4496,_binary '',156,59),(4497,_binary '',157,95),(4498,_binary '',157,82),(4499,_binary '',157,78),(4500,_binary '',157,81),(4501,_binary '',157,69),(4502,_binary '',157,51),(4503,_binary '',157,89),(4504,_binary '',157,67),(4505,_binary '',158,85),(4506,_binary '',158,91),(4507,_binary '',158,58),(4508,_binary '',158,89),(4509,_binary '',158,56),(4510,_binary '',158,86),(4511,_binary '',158,90),(4512,_binary '',158,74),(4513,_binary '',159,53),(4514,_binary '',159,65),(4515,_binary '',159,85),(4516,_binary '',159,93),(4517,_binary '',159,86),(4518,_binary '',159,60),(4519,_binary '',159,52),(4520,_binary '',159,99),(4521,_binary '',160,75),(4522,_binary '',160,53),(4523,_binary '',160,59),(4524,_binary '',160,72),(4525,_binary '',160,93),(4526,_binary '',160,86),(4527,_binary '',160,55),(4528,_binary '',160,89),(4529,_binary '',161,100),(4530,_binary '',161,79),(4531,_binary '',161,70),(4532,_binary '',161,71),(4533,_binary '',161,64),(4534,_binary '',161,78),(4535,_binary '',161,81),(4536,_binary '',161,55),(4537,_binary '',162,75),(4538,_binary '',162,99),(4539,_binary '',162,67),(4540,_binary '',162,51),(4541,_binary '',162,92),(4542,_binary '',162,93),(4543,_binary '',162,91),(4544,_binary '',162,57),(4545,_binary '',163,70),(4546,_binary '',163,97),(4547,_binary '',163,65),(4548,_binary '',163,87),(4549,_binary '',163,75),(4550,_binary '',163,51),(4551,_binary '',163,76),(4552,_binary '',163,55),(4553,_binary '',164,92),(4554,_binary '',164,88),(4555,_binary '',164,56),(4556,_binary '',164,66),(4557,_binary '',164,55),(4558,_binary '',164,77),(4559,_binary '',164,84),(4560,_binary '',164,79),(4561,_binary '',165,86),(4562,_binary '',165,70),(4563,_binary '',165,83),(4564,_binary '',165,100),(4565,_binary '',165,53),(4566,_binary '',165,60),(4567,_binary '',165,82),(4568,_binary '',165,90),(4569,_binary '',166,74),(4570,_binary '',166,60),(4571,_binary '',166,86),(4572,_binary '',166,58),(4573,_binary '',166,64),(4574,_binary '',166,68),(4575,_binary '',166,85),(4576,_binary '',166,51),(4577,_binary '',167,82),(4578,_binary '',167,91),(4579,_binary '',167,93),(4580,_binary '',167,88),(4581,_binary '',167,79),(4582,_binary '',167,60),(4583,_binary '',167,71),(4584,_binary '',167,76),(4585,_binary '',168,79),(4586,_binary '',168,68),(4587,_binary '',168,89),(4588,_binary '',168,80),(4589,_binary '',168,88),(4590,_binary '',168,74),(4591,_binary '',168,96),(4592,_binary '',168,76),(4593,_binary '',169,100),(4594,_binary '',169,94),(4595,_binary '',169,90),(4596,_binary '',169,87),(4597,_binary '',169,56),(4598,_binary '',169,52),(4599,_binary '',169,64),(4600,_binary '',169,86),(4601,_binary '',170,65),(4602,_binary '',170,66),(4603,_binary '',170,90),(4604,_binary '',170,94),(4605,_binary '',170,73),(4606,_binary '',170,78),(4607,_binary '',170,86),(4608,_binary '',170,99),(4609,_binary '',171,57),(4610,_binary '',171,56),(4611,_binary '',171,52),(4612,_binary '',171,100),(4613,_binary '',171,65),(4614,_binary '',171,92),(4615,_binary '',171,72),(4616,_binary '',171,66),(4617,_binary '',172,97),(4618,_binary '',172,63),(4619,_binary '',172,84),(4620,_binary '',172,61),(4621,_binary '',172,86),(4622,_binary '',172,56),(4623,_binary '',172,83),(4624,_binary '',172,54),(4625,_binary '',173,70),(4626,_binary '',173,91),(4627,_binary '',173,67),(4628,_binary '',173,88),(4629,_binary '',173,96),(4630,_binary '',173,94),(4631,_binary '',173,72),(4632,_binary '',173,73),(4633,_binary '',174,78),(4634,_binary '',174,74),(4635,_binary '',174,100),(4636,_binary '',174,64),(4637,_binary '',174,51),(4638,_binary '',174,90),(4639,_binary '',174,88),(4640,_binary '',174,82),(4641,_binary '',175,59),(4642,_binary '',175,62),(4643,_binary '',175,75),(4644,_binary '',175,51),(4645,_binary '',175,52),(4646,_binary '',175,67),(4647,_binary '',175,74),(4648,_binary '',175,100),(4649,_binary '',176,64),(4650,_binary '',176,77),(4651,_binary '',176,93),(4652,_binary '',176,63),(4653,_binary '',176,66),(4654,_binary '',176,88),(4655,_binary '',176,87),(4656,_binary '',176,75),(4657,_binary '',177,53),(4658,_binary '',177,61),(4659,_binary '',177,88),(4660,_binary '',177,51),(4661,_binary '',177,91),(4662,_binary '',177,64),(4663,_binary '',177,57),(4664,_binary '',177,54),(4665,_binary '',178,69),(4666,_binary '',178,60),(4667,_binary '',178,86),(4668,_binary '',178,76),(4669,_binary '',178,90),(4670,_binary '',178,74),(4671,_binary '',178,62),(4672,_binary '',178,88),(4673,_binary '',179,99),(4674,_binary '',179,93),(4675,_binary '',179,61),(4676,_binary '',179,83),(4677,_binary '',179,60),(4678,_binary '',179,82),(4679,_binary '',179,92),(4680,_binary '',179,56),(4681,_binary '',180,79),(4682,_binary '',180,62),(4683,_binary '',180,100),(4684,_binary '',180,69),(4685,_binary '',180,68),(4686,_binary '',180,73),(4687,_binary '',180,66),(4688,_binary '',180,87),(4689,_binary '',181,96),(4690,_binary '',181,53),(4691,_binary '',181,97),(4692,_binary '',181,65),(4693,_binary '',181,92),(4694,_binary '',181,64),(4695,_binary '',181,68),(4696,_binary '',181,66),(4697,_binary '',182,98),(4698,_binary '',182,96),(4699,_binary '',182,78),(4700,_binary '',182,68),(4701,_binary '',182,66),(4702,_binary '',182,74),(4703,_binary '',182,82),(4704,_binary '',182,77),(4705,_binary '',183,63),(4706,_binary '',183,80),(4707,_binary '',183,83),(4708,_binary '',183,94),(4709,_binary '',183,84),(4710,_binary '',183,71),(4711,_binary '',183,53),(4712,_binary '',183,65),(4713,_binary '',184,65),(4714,_binary '',184,85),(4715,_binary '',184,60),(4716,_binary '',184,78),(4717,_binary '',184,58),(4718,_binary '',184,55),(4719,_binary '',184,99),(4720,_binary '',184,77),(4721,_binary '',185,78),(4722,_binary '',185,83),(4723,_binary '',185,75),(4724,_binary '',185,89),(4725,_binary '',185,80),(4726,_binary '',185,57),(4727,_binary '',185,63),(4728,_binary '',185,54),(4729,_binary '',186,76),(4730,_binary '',186,64),(4731,_binary '',186,85),(4732,_binary '',186,95),(4733,_binary '',186,78),(4734,_binary '',186,84),(4735,_binary '',186,98),(4736,_binary '',186,83),(4737,_binary '',187,96),(4738,_binary '',187,90),(4739,_binary '',187,83),(4740,_binary '',187,89),(4741,_binary '',187,81),(4742,_binary '',187,99),(4743,_binary '',187,74),(4744,_binary '',187,91),(4745,_binary '',188,57),(4746,_binary '',188,75),(4747,_binary '',188,91),(4748,_binary '',188,94),(4749,_binary '',188,99),(4750,_binary '',188,69),(4751,_binary '',188,83),(4752,_binary '',188,74),(4753,_binary '',189,71),(4754,_binary '',189,62),(4755,_binary '',189,77),(4756,_binary '',189,93),(4757,_binary '',189,85),(4758,_binary '',189,66),(4759,_binary '',189,63),(4760,_binary '',189,55),(4761,_binary '',190,65),(4762,_binary '',190,56),(4763,_binary '',190,67),(4764,_binary '',190,94),(4765,_binary '',190,77),(4766,_binary '',190,98),(4767,_binary '',190,82),(4768,_binary '',190,92),(4769,_binary '',191,67),(4770,_binary '',191,53),(4771,_binary '',191,76),(4772,_binary '',191,73),(4773,_binary '',191,80),(4774,_binary '',191,77),(4775,_binary '',191,64),(4776,_binary '',191,54),(4777,_binary '',192,69),(4778,_binary '',192,65),(4779,_binary '',192,60),(4780,_binary '',192,72),(4781,_binary '',192,93),(4782,_binary '',192,98),(4783,_binary '',192,85),(4784,_binary '',192,94),(4785,_binary '',193,69),(4786,_binary '',193,90),(4787,_binary '',193,88),(4788,_binary '',193,79),(4789,_binary '',193,78),(4790,_binary '',193,94),(4791,_binary '',193,70),(4792,_binary '',193,74),(4793,_binary '',194,98),(4794,_binary '',194,71),(4795,_binary '',194,67),(4796,_binary '',194,65),(4797,_binary '',194,80),(4798,_binary '',194,76),(4799,_binary '',194,72),(4800,_binary '',194,53),(4801,_binary '',195,88),(4802,_binary '',195,100),(4803,_binary '',195,64),(4804,_binary '',195,94),(4805,_binary '',195,57),(4806,_binary '',195,93),(4807,_binary '',195,91),(4808,_binary '',195,59),(4809,_binary '',196,66),(4810,_binary '',196,73),(4811,_binary '',196,60),(4812,_binary '',196,96),(4813,_binary '',196,83),(4814,_binary '',196,79),(4815,_binary '',196,99),(4816,_binary '',196,76),(4817,_binary '',197,67),(4818,_binary '',197,51),(4819,_binary '',197,77),(4820,_binary '',197,71),(4821,_binary '',197,60),(4822,_binary '',197,55),(4823,_binary '',197,64),(4824,_binary '',197,75),(4825,_binary '',198,64),(4826,_binary '',198,76),(4827,_binary '',198,90),(4828,_binary '',198,83),(4829,_binary '',198,86),(4830,_binary '',198,56),(4831,_binary '',198,94),(4832,_binary '',198,91),(4833,_binary '',199,80),(4834,_binary '',199,64),(4835,_binary '',199,58),(4836,_binary '',199,59),(4837,_binary '',199,75),(4838,_binary '',199,100),(4839,_binary '',199,84),(4840,_binary '',199,88),(4841,_binary '',200,97),(4842,_binary '',200,99),(4843,_binary '',200,66),(4844,_binary '',200,80),(4845,_binary '',200,100),(4846,_binary '',200,81),(4847,_binary '',200,85),(4848,_binary '',200,56);
/*!40000 ALTER TABLE `friends` ENABLE KEYS */;
UNLOCK TABLES;

--
-- Table structure for table `job_post`
--

DROP TABLE IF EXISTS `job_post`;
/*!40101 SET @saved_cs_client     = @@character_set_client */;
/*!50503 SET character_set_client = utf8mb4 */;
CREATE TABLE `job_post` (
  `job_post_id` bigint NOT NULL AUTO_INCREMENT,
  `details` varchar(255) DEFAULT NULL,
  `employment_type` varchar(255) DEFAULT NULL,
  `keywords` varchar(255) DEFAULT NULL,
  `location` varchar(255) DEFAULT NULL,
  `requestedcount` int DEFAULT NULL,
  `required_skills` varchar(255) DEFAULT NULL,
  `title` varchar(255) DEFAULT NULL,
  `author_id` bigint DEFAULT NULL,
  PRIMARY KEY (`job_post_id`),
  KEY `FK84bhqx264rtmyooehol0refx` (`author_id`)
) ENGINE=MyISAM AUTO_INCREMENT=104 DEFAULT CHARSET=utf8mb4 COLLATE=utf8mb4_0900_ai_ci;
/*!40101 SET character_set_client = @saved_cs_client */;

--
-- Dumping data for table `job_post`
--

LOCK TABLES `job_post` WRITE;
/*!40000 ALTER TABLE `job_post` DISABLE KEYS */;
INSERT INTO `job_post` VALUES (1,'some details about the job','Full-time','software-engineering','Greece',0,'software-engineering','A title for software-engineering',1),(2,'some details about the job','Full-time','software-engineering','Greece',0,'software-engineering','A title for software-engineering',1),(3,'some details about the job','Full-time','web-dev','Greece',0,'web-dev','A title for web-dev',1),(4,'some details about the job','Full-time','kernel','Greece',0,'kernel','A title for kernel',1),(5,'some details about the job','Full-time','web-dev','Greece',0,'web-dev','A title for web-dev',1),(6,'some details about the job','Full-time','hardware','Greece',0,'hardware','A title for hardware',1),(7,'some details about the job','Full-time','IT','Greece',0,'IT','A title for IT',1),(8,'some details about the job','Full-time','kernel','Greece',0,'kernel','A title for kernel',1),(9,'some details about the job','Full-time','hardware','Greece',0,'hardware','A title for hardware',1),(10,'some details about the job','Full-time','IT','Greece',0,'IT','A title for IT',1),(11,'some details about the job','Full-time','hardware','Greece',0,'hardware','A title for hardware',1),(12,'some details about the job','Full-time','web-dev','Greece',0,'web-dev','A title for web-dev',1),(13,'some details about the job','Full-time','hardware','Greece',0,'hardware','A title for hardware',1),(14,'some details about the job','Full-time','IT','Greece',0,'IT','A title for IT',1),(15,'some details about the job','Full-time','IT','Greece',0,'IT','A title for IT',1),(16,'some details about the job','Full-time','IT','Greece',0,'IT','A title for IT',1),(17,'some details about the job','Full-time','IT','Greece',0,'IT','A title for IT',1),(18,'some details about the job','Full-time','IT','Greece',0,'IT','A title for IT',1),(19,'some details about the job','Full-time','hardware','Greece',0,'hardware','A title for hardware',1),(20,'some details about the job','Full-time','web-dev','Greece',0,'web-dev','A title for web-dev',1),(21,'some details about the job','Full-time','hardware','Greece',0,'hardware','A title for hardware',1),(22,'some details about the job','Full-time','IT','Greece',0,'IT','A title for IT',1),(23,'some details about the job','Full-time','hardware','Greece',0,'hardware','A title for hardware',1),(24,'some details about the job','Full-time','web-dev','Greece',0,'web-dev','A title for web-dev',1),(25,'some details about the job','Full-time','kernel','Greece',0,'kernel','A title for kernel',1),(26,'some details about the job','Full-time','algebra','Greece',0,'algebra','A title for algebra',1),(27,'some details about the job','Full-time','combinatorics','Greece',0,'combinatorics','A title for combinatorics',1),(28,'some details about the job','Full-time','combinatorics','Greece',0,'combinatorics','A title for combinatorics',1),(29,'some details about the job','Full-time','number-theory','Greece',0,'number-theory','A title for number-theory',1),(30,'some details about the job','Full-time','combinatorics','Greece',0,'combinatorics','A title for combinatorics',1),(31,'some details about the job','Full-time','geometry','Greece',0,'geometry','A title for geometry',1),(32,'some details about the job','Full-time','combinatorics','Greece',0,'combinatorics','A title for combinatorics',1),(33,'some details about the job','Full-time','number-theory','Greece',0,'number-theory','A title for number-theory',1),(34,'some details about the job','Full-time','combinatorics','Greece',0,'combinatorics','A title for combinatorics',1),(35,'some details about the job','Full-time','number-theory','Greece',0,'number-theory','A title for number-theory',1),(36,'some details about the job','Full-time','number-theory','Greece',0,'number-theory','A title for number-theory',1),(37,'some details about the job','Full-time','mathematical-analysis','Greece',0,'mathematical-analysis','A title for mathematical-analysis',1),(38,'some details about the job','Full-time','number-theory','Greece',0,'number-theory','A title for number-theory',1),(39,'some details about the job','Full-time','geometry','Greece',0,'geometry','A title for geometry',1),(40,'some details about the job','Full-time','number-theory','Greece',0,'number-theory','A title for number-theory',1),(41,'some details about the job','Full-time','number-theory','Greece',0,'number-theory','A title for number-theory',1),(42,'some details about the job','Full-time','number-theory','Greece',0,'number-theory','A title for number-theory',1),(43,'some details about the job','Full-time','number-theory','Greece',0,'number-theory','A title for number-theory',1),(44,'some details about the job','Full-time','mathematical-analysis','Greece',0,'mathematical-analysis','A title for mathematical-analysis',1),(45,'some details about the job','Full-time','algebra','Greece',0,'algebra','A title for algebra',1),(46,'some details about the job','Full-time','geometry','Greece',0,'geometry','A title for geometry',1),(47,'some details about the job','Full-time','combinatorics','Greece',0,'combinatorics','A title for combinatorics',1),(48,'some details about the job','Full-time','combinatorics','Greece',0,'combinatorics','A title for combinatorics',1),(49,'some details about the job','Full-time','geometry','Greece',0,'geometry','A title for geometry',1),(50,'some details about the job','Full-time','mathematical-analysis','Greece',0,'mathematical-analysis','A title for mathematical-analysis',1),(51,'some details about the job','Full-time','genetics','Greece',0,'genetics','A title for genetics',1),(52,'some details about the job','Full-time','genetics','Greece',0,'genetics','A title for genetics',1),(53,'some details about the job','Full-time','biophysics','Greece',0,'biophysics','A title for biophysics',1),(54,'some details about the job','Full-time','biotechnology','Greece',0,'biotechnology','A title for biotechnology',1),(55,'some details about the job','Full-time','biotechnology','Greece',0,'biotechnology','A title for biotechnology',1),(56,'some details about the job','Full-time','biotechnology','Greece',0,'biotechnology','A title for biotechnology',1),(57,'some details about the job','Full-time','biophysics','Greece',0,'biophysics','A title for biophysics',1),(58,'some details about the job','Full-time','anatomy','Greece',0,'anatomy','A title for anatomy',1),(59,'some details about the job','Full-time','biochemistry','Greece',0,'biochemistry','A title for biochemistry',1),(60,'some details about the job','Full-time','biophysics','Greece',0,'biophysics','A title for biophysics',1),(61,'some details about the job','Full-time','biophysics','Greece',0,'biophysics','A title for biophysics',1),(62,'some details about the job','Full-time','biophysics','Greece',0,'biophysics','A title for biophysics',1),(63,'some details about the job','Full-time','anatomy','Greece',0,'anatomy','A title for anatomy',1),(64,'some details about the job','Full-time','anatomy','Greece',0,'anatomy','A title for anatomy',1),(65,'some details about the job','Full-time','biophysics','Greece',0,'biophysics','A title for biophysics',1),(66,'some details about the job','Full-time','biophysics','Greece',0,'biophysics','A title for biophysics',1),(67,'some details about the job','Full-time','genetics','Greece',0,'genetics','A title for genetics',1),(68,'some details about the job','Full-time','biotechnology','Greece',0,'biotechnology','A title for biotechnology',1),(69,'some details about the job','Full-time','biotechnology','Greece',0,'biotechnology','A title for biotechnology',1),(70,'some details about the job','Full-time','biotechnology','Greece',0,'biotechnology','A title for biotechnology',1),(71,'some details about the job','Full-time','biotechnology','Greece',0,'biotechnology','A title for biotechnology',1),(72,'some details about the job','Full-time','biochemistry','Greece',0,'biochemistry','A title for biochemistry',1),(73,'some details about the job','Full-time','biophysics','Greece',0,'biophysics','A title for biophysics',1),(74,'some details about the job','Full-time','biochemistry','Greece',0,'biochemistry','A title for biochemistry',1),(75,'some details about the job','Full-time','biotechnology','Greece',0,'biotechnology','A title for biotechnology',1),(76,'some details about the job','Full-time','accountant','Greece',0,'accountant','A title for accountant',1),(77,'some details about the job','Full-time','accountant','Greece',0,'accountant','A title for accountant',1),(78,'some details about the job','Full-time','logistics','Greece',0,'logistics','A title for logistics',1),(79,'some details about the job','Full-time','broker','Greece',0,'broker','A title for broker',1),(80,'some details about the job','Full-time','broker','Greece',0,'broker','A title for broker',1),(81,'some details about the job','Full-time','accountant','Greece',0,'accountant','A title for accountant',1),(82,'some details about the job','Full-time','finance','Greece',0,'finance','A title for finance',1),(83,'some details about the job','Full-time','broker','Greece',0,'broker','A title for broker',1),(84,'some details about the job','Full-time','logistics','Greece',0,'logistics','A title for logistics',1),(85,'some details about the job','Full-time','accountant','Greece',0,'accountant','A title for accountant',1),(86,'some details about the job','Full-time','marketing','Greece',0,'marketing','A title for marketing',1),(87,'some details about the job','Full-time','finance','Greece',0,'finance','A title for finance',1),(88,'some details about the job','Full-time','accountant','Greece',0,'accountant','A title for accountant',1),(89,'some details about the job','Full-time','broker','Greece',0,'broker','A title for broker',1),(90,'some details about the job','Full-time','marketing','Greece',0,'marketing','A title for marketing',1),(91,'some details about the job','Full-time','logistics','Greece',0,'logistics','A title for logistics',1),(92,'some details about the job','Full-time','logistics','Greece',0,'logistics','A title for logistics',1),(93,'some details about the job','Full-time','accountant','Greece',0,'accountant','A title for accountant',1),(94,'some details about the job','Full-time','marketing','Greece',0,'marketing','A title for marketing',1),(95,'some details about the job','Full-time','marketing','Greece',0,'marketing','A title for marketing',1),(96,'some details about the job','Full-time','finance','Greece',0,'finance','A title for finance',1),(97,'some details about the job','Full-time','accountant','Greece',0,'accountant','A title for accountant',1),(98,'some details about the job','Full-time','accountant','Greece',0,'accountant','A title for accountant',1),(99,'some details about the job','Full-time','marketing','Greece',0,'marketing','A title for marketing',1),(100,'some details about the job','Full-time','marketing','Greece',0,'marketing','A title for marketing',1),(101,'tpt','Pote','','den 3ero',0,'1o,2','my',201),(102,'dsdsff','sfd','','dfd',0,'1,2,3,4','megalo',201),(103,'ssdfd','','','',0,'1,2,3,4,5,6,7,8','1',201);
/*!40000 ALTER TABLE `job_post` ENABLE KEYS */;
UNLOCK TABLES;

--
-- Table structure for table `job_post_views`
--

DROP TABLE IF EXISTS `job_post_views`;
/*!40101 SET @saved_cs_client     = @@character_set_client */;
/*!50503 SET character_set_client = utf8mb4 */;
CREATE TABLE `job_post_views` (
  `id` bigint NOT NULL AUTO_INCREMENT,
  `views` int NOT NULL,
  `job_post_id` bigint DEFAULT NULL,
  `user_id` bigint DEFAULT NULL,
  PRIMARY KEY (`id`),
  KEY `FK70v6tkmlla35mrl0vl47i68rt` (`job_post_id`),
  KEY `FKcbr9fpvh37oiwpbyma2bksgjd` (`user_id`)
) ENGINE=MyISAM AUTO_INCREMENT=111 DEFAULT CHARSET=utf8mb4 COLLATE=utf8mb4_0900_ai_ci;
/*!40101 SET character_set_client = @saved_cs_client */;

--
-- Dumping data for table `job_post_views`
--

LOCK TABLES `job_post_views` WRITE;
/*!40000 ALTER TABLE `job_post_views` DISABLE KEYS */;
INSERT INTO `job_post_views` VALUES (3,0,3,1),(16,0,16,1),(18,0,18,1),(6,0,6,1),(15,0,15,1),(22,0,22,1),(14,0,14,1),(7,0,7,1),(24,0,24,1),(25,0,25,1),(11,0,11,1),(9,0,9,1),(23,0,23,1),(5,0,5,1),(13,0,13,1),(12,5,12,2),(10,5,10,2),(2,5,2,3),(1,5,1,3),(19,5,19,4),(17,5,17,4),(20,5,20,4),(21,5,21,4),(8,3,8,7),(4,3,4,7),(26,5,26,51),(42,5,42,51),(40,5,40,51),(27,5,27,51),(49,5,49,51),(43,5,43,51),(35,5,35,51),(36,5,36,51),(32,5,32,51),(31,0,31,52),(41,0,41,52),(45,0,45,52),(39,0,39,52),(50,0,50,52),(46,0,46,52),(33,0,33,52),(37,0,37,52),(48,0,48,52),(34,0,34,52),(44,0,44,52),(29,0,29,52),(47,5,47,53),(38,5,38,53),(28,4,28,55),(30,4,30,55),(63,5,63,101),(75,5,75,101),(64,5,64,101),(59,5,59,101),(66,5,66,101),(62,3,62,102),(74,3,74,102),(61,3,61,102),(53,3,53,102),(73,3,73,102),(56,3,56,102),(72,3,72,102),(51,3,51,102),(60,4,60,103),(71,4,71,103),(57,4,57,103),(67,4,67,103),(65,4,65,103),(69,4,69,103),(54,5,54,104),(52,5,52,104),(70,3,70,105),(55,3,55,105),(58,3,58,105),(68,3,68,105),(80,5,80,151),(81,5,81,151),(78,5,78,151),(87,5,87,151),(76,5,76,151),(84,5,84,151),(96,5,96,151),(93,5,93,151),(86,5,86,151),(89,5,89,151),(97,5,97,151),(91,3,91,152),(83,3,83,152),(88,3,88,152),(82,3,82,152),(79,3,79,152),(100,3,100,152),(92,3,92,152),(99,5,99,153),(98,5,98,153),(90,5,90,153),(77,5,77,153),(94,5,94,153),(95,0,95,156),(85,0,85,157),(101,216,3,201),(102,254,24,201),(103,170,5,201),(104,170,12,201),(105,1,16,201),(106,1,18,201),(107,35,6,201),(108,7,101,201),(109,23,102,201),(110,6,103,201);
/*!40000 ALTER TABLE `job_post_views` ENABLE KEYS */;
UNLOCK TABLES;

--
-- Table structure for table `job_vote`
--

DROP TABLE IF EXISTS `job_vote`;
/*!40101 SET @saved_cs_client     = @@character_set_client */;
/*!50503 SET character_set_client = utf8mb4 */;
CREATE TABLE `job_vote` (
  `vote_id` bigint NOT NULL AUTO_INCREMENT,
  `job_post_id` bigint DEFAULT NULL,
  `user_id` bigint DEFAULT NULL,
  PRIMARY KEY (`vote_id`),
  KEY `FK8tmsvlqbw528gt6ll89iko1i4` (`job_post_id`),
  KEY `FKa5d1vc75qmytr9d4bjnoyerrh` (`user_id`)
) ENGINE=MyISAM AUTO_INCREMENT=5 DEFAULT CHARSET=utf8mb4 COLLATE=utf8mb4_0900_ai_ci;
/*!40101 SET character_set_client = @saved_cs_client */;

--
-- Dumping data for table `job_vote`
--

LOCK TABLES `job_vote` WRITE;
/*!40000 ALTER TABLE `job_vote` DISABLE KEYS */;
/*!40000 ALTER TABLE `job_vote` ENABLE KEYS */;
UNLOCK TABLES;

--
-- Table structure for table `message`
--

DROP TABLE IF EXISTS `message`;
/*!40101 SET @saved_cs_client     = @@character_set_client */;
/*!50503 SET character_set_client = utf8mb4 */;
CREATE TABLE `message` (
  `message_id` bigint NOT NULL AUTO_INCREMENT,
  `message` varchar(255) DEFAULT NULL,
  `receiver_id` bigint DEFAULT NULL,
  `sender_id` bigint DEFAULT NULL,
  `time_created` datetime DEFAULT NULL,
  PRIMARY KEY (`message_id`)
) ENGINE=MyISAM DEFAULT CHARSET=utf8mb4 COLLATE=utf8mb4_0900_ai_ci;
/*!40101 SET character_set_client = @saved_cs_client */;

--
-- Dumping data for table `message`
--

LOCK TABLES `message` WRITE;
/*!40000 ALTER TABLE `message` DISABLE KEYS */;
/*!40000 ALTER TABLE `message` ENABLE KEYS */;
UNLOCK TABLES;

--
-- Table structure for table `personalinfo`
--

DROP TABLE IF EXISTS `personalinfo`;
/*!40101 SET @saved_cs_client     = @@character_set_client */;
/*!50503 SET character_set_client = utf8mb4 */;
CREATE TABLE `personalinfo` (
  `info_id` bigint NOT NULL AUTO_INCREMENT,
  `abilities_desc` varchar(255) DEFAULT NULL,
  `stud_desc` varchar(255) DEFAULT NULL,
  `work_desc` varchar(255) DEFAULT NULL,
  `user_id` bigint DEFAULT NULL,
  PRIMARY KEY (`info_id`),
  KEY `FKmrsn5rokmdee27i1m46dlyon2` (`user_id`)
) ENGINE=MyISAM AUTO_INCREMENT=202 DEFAULT CHARSET=utf8mb4 COLLATE=utf8mb4_0900_ai_ci;
/*!40101 SET character_set_client = @saved_cs_client */;

--
-- Dumping data for table `personalinfo`
--

LOCK TABLES `personalinfo` WRITE;
/*!40000 ALTER TABLE `personalinfo` DISABLE KEYS */;
INSERT INTO `personalinfo` VALUES (1,'kernel','a studies description','a work description',1),(2,'IT','a studies description','a work description',2),(3,'IT','a studies description','a work description',3),(4,'web-dev','a studies description','a work description',4),(5,'kernel','a studies description','a work description',5),(6,'IT','a studies description','a work description',6),(7,'IT','a studies description','a work description',7),(8,'hardware','a studies description','a work description',8),(9,'software-engineering','a studies description','a work description',9),(10,'kernel','a studies description','a work description',10),(11,'kernel','a studies description','a work description',11),(12,'web-dev','a studies description','a work description',12),(13,'kernel','a studies description','a work description',13),(14,'IT','a studies description','a work description',14),(15,'hardware','a studies description','a work description',15),(16,'web-dev','a studies description','a work description',16),(17,'IT','a studies description','a work description',17),(18,'kernel','a studies description','a work description',18),(19,'kernel','a studies description','a work description',19),(20,'kernel','a studies description','a work description',20),(21,'hardware','a studies description','a work description',21),(22,'hardware','a studies description','a work description',22),(23,'software-engineering','a studies description','a work description',23),(24,'IT','a studies description','a work description',24),(25,'IT','a studies description','a work description',25),(26,'IT','a studies description','a work description',26),(27,'IT','a studies description','a work description',27),(28,'software-engineering','a studies description','a work description',28),(29,'kernel','a studies description','a work description',29),(30,'kernel','a studies description','a work description',30),(31,'hardware','a studies description','a work description',31),(32,'software-engineering','a studies description','a work description',32),(33,'IT','a studies description','a work description',33),(34,'hardware','a studies description','a work description',34),(35,'IT','a studies description','a work description',35),(36,'web-dev','a studies description','a work description',36),(37,'kernel','a studies description','a work description',37),(38,'hardware','a studies description','a work description',38),(39,'web-dev','a studies description','a work description',39),(40,'software-engineering','a studies description','a work description',40),(41,'software-engineering','a studies description','a work description',41),(42,'hardware','a studies description','a work description',42),(43,'IT','a studies description','a work description',43),(44,'web-dev','a studies description','a work description',44),(45,'web-dev','a studies description','a work description',45),(46,'IT','a studies description','a work description',46),(47,'hardware','a studies description','a work description',47),(48,'hardware','a studies description','a work description',48),(49,'software-engineering','a studies description','a work description',49),(50,'kernel','a studies description','a work description',50),(51,'mathematical-analysis','a studies description','a work description',51),(52,'geometry','a studies description','a work description',52),(53,'number-theory','a studies description','a work description',53),(54,'mathematical-analysis','a studies description','a work description',54),(55,'algebra','a studies description','a work description',55),(56,'combinatorics','a studies description','a work description',56),(57,'algebra','a studies description','a work description',57),(58,'geometry','a studies description','a work description',58),(59,'number-theory','a studies description','a work description',59),(60,'mathematical-analysis','a studies description','a work description',60),(61,'combinatorics','a studies description','a work description',61),(62,'number-theory','a studies description','a work description',62),(63,'number-theory','a studies description','a work description',63),(64,'combinatorics','a studies description','a work description',64),(65,'geometry','a studies description','a work description',65),(66,'algebra','a studies description','a work description',66),(67,'combinatorics','a studies description','a work description',67),(68,'combinatorics','a studies description','a work description',68),(69,'mathematical-analysis','a studies description','a work description',69),(70,'mathematical-analysis','a studies description','a work description',70),(71,'number-theory','a studies description','a work description',71),(72,'number-theory','a studies description','a work description',72),(73,'geometry','a studies description','a work description',73),(74,'geometry','a studies description','a work description',74),(75,'mathematical-analysis','a studies description','a work description',75),(76,'mathematical-analysis','a studies description','a work description',76),(77,'geometry','a studies description','a work description',77),(78,'combinatorics','a studies description','a work description',78),(79,'algebra','a studies description','a work description',79),(80,'number-theory','a studies description','a work description',80),(81,'algebra','a studies description','a work description',81),(82,'algebra','a studies description','a work description',82),(83,'number-theory','a studies description','a work description',83),(84,'combinatorics','a studies description','a work description',84),(85,'mathematical-analysis','a studies description','a work description',85),(86,'mathematical-analysis','a studies description','a work description',86),(87,'mathematical-analysis','a studies description','a work description',87),(88,'mathematical-analysis','a studies description','a work description',88),(89,'geometry','a studies description','a work description',89),(90,'algebra','a studies description','a work description',90),(91,'geometry','a studies description','a work description',91),(92,'geometry','a studies description','a work description',92),(93,'combinatorics','a studies description','a work description',93),(94,'algebra','a studies description','a work description',94),(95,'combinatorics','a studies description','a work description',95),(96,'number-theory','a studies description','a work description',96),(97,'mathematical-analysis','a studies description','a work description',97),(98,'combinatorics','a studies description','a work description',98),(99,'combinatorics','a studies description','a work description',99),(100,'geometry','a studies description','a work description',100),(101,'genetics','a studies description','a work description',101),(102,'biotechnology','a studies description','a work description',102),(103,'biophysics','a studies description','a work description',103),(104,'biochemistry','a studies description','a work description',104),(105,'biophysics','a studies description','a work description',105),(106,'biophysics','a studies description','a work description',106),(107,'anatomy','a studies description','a work description',107),(108,'genetics','a studies description','a work description',108),(109,'biochemistry','a studies description','a work description',109),(110,'anatomy','a studies description','a work description',110),(111,'biophysics','a studies description','a work description',111),(112,'biochemistry','a studies description','a work description',112),(113,'biotechnology','a studies description','a work description',113),(114,'biophysics','a studies description','a work description',114),(115,'genetics','a studies description','a work description',115),(116,'biotechnology','a studies description','a work description',116),(117,'anatomy','a studies description','a work description',117),(118,'biochemistry','a studies description','a work description',118),(119,'genetics','a studies description','a work description',119),(120,'anatomy','a studies description','a work description',120),(121,'biotechnology','a studies description','a work description',121),(122,'biochemistry','a studies description','a work description',122),(123,'genetics','a studies description','a work description',123),(124,'biochemistry','a studies description','a work description',124),(125,'biochemistry','a studies description','a work description',125),(126,'anatomy','a studies description','a work description',126),(127,'biochemistry','a studies description','a work description',127),(128,'biophysics','a studies description','a work description',128),(129,'biotechnology','a studies description','a work description',129),(130,'anatomy','a studies description','a work description',130),(131,'anatomy','a studies description','a work description',131),(132,'genetics','a studies description','a work description',132),(133,'genetics','a studies description','a work description',133),(134,'biochemistry','a studies description','a work description',134),(135,'anatomy','a studies description','a work description',135),(136,'biotechnology','a studies description','a work description',136),(137,'biochemistry','a studies description','a work description',137),(138,'anatomy','a studies description','a work description',138),(139,'biochemistry','a studies description','a work description',139),(140,'anatomy','a studies description','a work description',140),(141,'biotechnology','a studies description','a work description',141),(142,'genetics','a studies description','a work description',142),(143,'biophysics','a studies description','a work description',143),(144,'biophysics','a studies description','a work description',144),(145,'genetics','a studies description','a work description',145),(146,'biochemistry','a studies description','a work description',146),(147,'genetics','a studies description','a work description',147),(148,'biotechnology','a studies description','a work description',148),(149,'biochemistry','a studies description','a work description',149),(150,'genetics','a studies description','a work description',150),(151,'marketing','a studies description','a work description',151),(152,'finance','a studies description','a work description',152),(153,'broker','a studies description','a work description',153),(154,'logistics','a studies description','a work description',154),(155,'accountant','a studies description','a work description',155),(156,'broker','a studies description','a work description',156),(157,'finance','a studies description','a work description',157),(158,'marketing','a studies description','a work description',158),(159,'accountant','a studies description','a work description',159),(160,'finance','a studies description','a work description',160),(161,'finance','a studies description','a work description',161),(162,'logistics','a studies description','a work description',162),(163,'logistics','a studies description','a work description',163),(164,'marketing','a studies description','a work description',164),(165,'broker','a studies description','a work description',165),(166,'logistics','a studies description','a work description',166),(167,'finance','a studies description','a work description',167),(168,'broker','a studies description','a work description',168),(169,'logistics','a studies description','a work description',169),(170,'accountant','a studies description','a work description',170),(171,'finance','a studies description','a work description',171),(172,'marketing','a studies description','a work description',172),(173,'accountant','a studies description','a work description',173),(174,'broker','a studies description','a work description',174),(175,'accountant','a studies description','a work description',175),(176,'accountant','a studies description','a work description',176),(177,'marketing','a studies description','a work description',177),(178,'accountant','a studies description','a work description',178),(179,'broker','a studies description','a work description',179),(180,'marketing','a studies description','a work description',180),(181,'broker','a studies description','a work description',181),(182,'marketing','a studies description','a work description',182),(183,'accountant','a studies description','a work description',183),(184,'logistics','a studies description','a work description',184),(185,'logistics','a studies description','a work description',185),(186,'logistics','a studies description','a work description',186),(187,'broker','a studies description','a work description',187),(188,'logistics','a studies description','a work description',188),(189,'accountant','a studies description','a work description',189),(190,'logistics','a studies description','a work description',190),(191,'marketing','a studies description','a work description',191),(192,'logistics','a studies description','a work description',192),(193,'broker','a studies description','a work description',193),(194,'logistics','a studies description','a work description',194),(195,'marketing','a studies description','a work description',195),(196,'broker','a studies description','a work description',196),(197,'accountant','a studies description','a work description',197),(198,'finance','a studies description','a work description',198),(199,'broker','a studies description','a work description',199),(200,'logistics','a studies description','a work description',200),(201,'web-dev','a studies description','a work description',201);
/*!40000 ALTER TABLE `personalinfo` ENABLE KEYS */;
UNLOCK TABLES;

--
-- Table structure for table `post`
--

DROP TABLE IF EXISTS `post`;
/*!40101 SET @saved_cs_client     = @@character_set_client */;
/*!50503 SET character_set_client = utf8mb4 */;
CREATE TABLE `post` (
  `post_id` bigint NOT NULL AUTO_INCREMENT,
  `comment_count` int DEFAULT NULL,
  `created_date` datetime DEFAULT NULL,
  `description` longtext,
  `like_count` int DEFAULT NULL,
  `user_id` bigint DEFAULT NULL,
  PRIMARY KEY (`post_id`),
  KEY `FK72mt33dhhs48hf9gcqrq4fxte` (`user_id`)
) ENGINE=MyISAM AUTO_INCREMENT=322 DEFAULT CHARSET=utf8mb4 COLLATE=utf8mb4_0900_ai_ci;
/*!40101 SET character_set_client = @saved_cs_client */;

--
-- Dumping data for table `post`
--

LOCK TABLES `post` WRITE;
/*!40000 ALTER TABLE `post` DISABLE KEYS */;
INSERT INTO `post` VALUES (1,0,'2021-08-06 15:43:44','something about kernel',0,1),(2,0,'2021-08-06 15:43:44','something about IT',0,3),(3,0,'2021-08-06 15:43:44','something about IT',0,3),(4,0,'2021-08-06 15:43:44','something about kernel',1,5),(5,0,'2021-08-06 15:43:44','something about kernel',0,5),(6,0,'2021-08-06 15:43:44','something about kernel',1,5),(7,0,'2021-08-06 15:43:44','something about IT',0,6),(8,0,'2021-08-06 15:43:44','something about IT',0,7),(9,0,'2021-08-06 15:43:44','something about IT',0,7),(10,0,'2021-08-06 15:43:44','something about IT',0,7),(11,0,'2021-08-06 15:43:44','something about hardware',0,8),(12,0,'2021-08-06 15:43:44','something about hardware',0,8),(13,0,'2021-08-06 15:43:44','something about hardware',0,8),(14,0,'2021-08-06 15:43:44','something about software-engineering',0,9),(15,0,'2021-08-06 15:43:44','something about kernel',0,10),(16,0,'2021-08-06 15:43:44','something about web-dev',0,12),(17,0,'2021-08-06 15:43:44','something about web-dev',0,12),(18,0,'2021-08-06 15:43:44','something about kernel',0,13),(19,0,'2021-08-06 15:43:44','something about IT',0,14),(20,0,'2021-08-06 15:43:44','something about IT',0,14),(21,0,'2021-08-06 15:43:44','something about IT',0,14),(22,0,'2021-08-06 15:43:44','something about hardware',0,15),(23,0,'2021-08-06 15:43:44','something about hardware',0,15),(24,0,'2021-08-06 15:43:44','something about web-dev',0,16),(25,0,'2021-08-06 15:43:44','something about IT',0,17),(26,2,'2021-08-06 15:43:44','something about IT',1,17),(27,0,'2021-08-06 15:43:44','something about IT',1,17),(28,0,'2021-08-06 15:43:44','something about kernel',0,18),(29,0,'2021-08-06 15:43:44','something about kernel',0,18),(30,0,'2021-08-06 15:43:44','something about kernel',0,18),(31,0,'2021-08-06 15:43:44','something about kernel',0,20),(32,0,'2021-08-06 15:43:44','something about hardware',0,21),(33,0,'2021-08-06 15:43:44','something about software-engineering',0,23),(34,0,'2021-08-06 15:43:44','something about software-engineering',0,23),(35,1,'2021-08-06 15:43:44','something about IT',0,24),(36,0,'2021-08-06 15:43:44','something about IT',0,24),(37,0,'2021-08-06 15:43:44','something about IT',0,24),(38,0,'2021-08-06 15:43:44','something about IT',0,26),(39,0,'2021-08-06 15:43:44','something about software-engineering',0,28),(40,0,'2021-08-06 15:43:44','something about software-engineering',2,28),(41,1,'2021-08-06 15:43:44','something about software-engineering',1,28),(42,0,'2021-08-06 15:43:44','something about kernel',0,29),(43,0,'2021-08-06 15:43:44','something about kernel',0,29),(44,0,'2021-08-06 15:43:44','something about kernel',1,30),(45,0,'2021-08-06 15:43:44','something about hardware',0,31),(46,0,'2021-08-06 15:43:44','something about hardware',0,31),(47,0,'2021-08-06 15:43:44','something about software-engineering',1,32),(48,0,'2021-08-06 15:43:44','something about IT',1,33),(49,0,'2021-08-06 15:43:44','something about hardware',0,34),(50,1,'2021-08-06 15:43:44','something about hardware',1,34),(51,2,'2021-08-06 15:43:44','something about IT',2,35),(52,0,'2021-08-06 15:43:44','something about web-dev',0,36),(53,1,'2021-08-06 15:43:44','something about web-dev',0,36),(54,0,'2021-08-06 15:43:44','something about kernel',0,37),(55,0,'2021-08-06 15:43:44','something about kernel',0,37),(56,0,'2021-08-06 15:43:44','something about kernel',0,37),(57,1,'2021-08-06 15:43:44','something about hardware',1,38),(58,0,'2021-08-06 15:43:44','something about web-dev',1,39),(59,0,'2021-08-06 15:43:44','something about software-engineering',1,41),(60,0,'2021-08-06 15:43:44','something about hardware',2,42),(61,0,'2021-08-06 15:43:44','something about hardware',0,42),(62,1,'2021-08-06 15:43:44','something about hardware',0,42),(63,1,'2021-08-06 15:43:44','something about IT',3,43),(64,0,'2021-08-06 15:43:44','something about IT',0,43),(65,1,'2021-08-06 15:43:44','something about web-dev',0,44),(66,2,'2021-08-06 15:43:44','something about web-dev',1,44),(67,0,'2021-08-06 15:43:44','something about web-dev',0,45),(68,0,'2021-08-06 15:43:44','something about web-dev',1,45),(69,0,'2021-08-06 15:43:44','something about web-dev',0,45),(70,0,'2021-08-06 15:43:44','something about hardware',3,47),(71,0,'2021-08-06 15:43:44','something about hardware',0,47),(72,0,'2021-08-06 15:43:44','something about hardware',1,47),(73,2,'2021-08-06 15:43:44','something about software-engineering',0,49),(74,0,'2021-08-06 15:43:44','something about kernel',0,50),(75,0,'2021-08-06 15:43:44','something about kernel',0,50),(76,1,'2021-08-06 15:43:44','something about kernel',0,50),(77,0,'2021-08-06 15:43:44','something about mathematical-analysis',0,51),(78,0,'2021-08-06 15:43:44','something about geometry',0,52),(79,0,'2021-08-06 15:43:44','something about geometry',0,52),(80,0,'2021-08-06 15:43:44','something about number-theory',0,53),(81,0,'2021-08-06 15:43:44','something about number-theory',0,53),(82,0,'2021-08-06 15:43:44','something about mathematical-analysis',0,54),(83,0,'2021-08-06 15:43:44','something about combinatorics',0,56),(84,0,'2021-08-06 15:43:44','something about combinatorics',0,56),(85,0,'2021-08-06 15:43:44','something about combinatorics',0,56),(86,0,'2021-08-06 15:43:44','something about algebra',0,57),(87,0,'2021-08-06 15:43:44','something about algebra',0,57),(88,0,'2021-08-06 15:43:44','something about algebra',0,57),(89,0,'2021-08-06 15:43:44','something about geometry',0,58),(90,0,'2021-08-06 15:43:44','something about geometry',0,58),(91,0,'2021-08-06 15:43:44','something about number-theory',0,59),(92,0,'2021-08-06 15:43:44','something about number-theory',0,59),(93,0,'2021-08-06 15:43:44','something about mathematical-analysis',0,60),(94,0,'2021-08-06 15:43:44','something about mathematical-analysis',0,60),(95,0,'2021-08-06 15:43:44','something about combinatorics',0,61),(96,0,'2021-08-06 15:43:44','something about number-theory',0,62),(97,0,'2021-08-06 15:43:44','something about number-theory',0,63),(98,0,'2021-08-06 15:43:44','something about combinatorics',0,64),(99,0,'2021-08-06 15:43:44','something about combinatorics',0,64),(100,0,'2021-08-06 15:43:44','something about combinatorics',0,64),(101,0,'2021-08-06 15:43:44','something about algebra',0,66),(102,0,'2021-08-06 15:43:44','something about combinatorics',0,67),(103,0,'2021-08-06 15:43:44','something about combinatorics',0,67),(104,0,'2021-08-06 15:43:44','something about combinatorics',0,68),(105,0,'2021-08-06 15:43:44','something about combinatorics',0,68),(106,0,'2021-08-06 15:43:44','something about mathematical-analysis',0,69),(107,0,'2021-08-06 15:43:44','something about mathematical-analysis',0,69),(108,0,'2021-08-06 15:43:44','something about mathematical-analysis',0,69),(109,0,'2021-08-06 15:43:44','something about mathematical-analysis',0,70),(110,0,'2021-08-06 15:43:44','something about mathematical-analysis',0,70),(111,0,'2021-08-06 15:43:44','something about number-theory',0,71),(112,0,'2021-08-06 15:43:44','something about number-theory',0,71),(113,0,'2021-08-06 15:43:44','something about number-theory',0,71),(114,1,'2021-08-06 15:43:44','something about geometry',0,73),(115,0,'2021-08-06 15:43:44','something about geometry',0,73),(116,0,'2021-08-06 15:43:44','something about geometry',0,73),(117,0,'2021-08-06 15:43:44','something about geometry',0,74),(118,0,'2021-08-06 15:43:44','something about geometry',0,74),(119,0,'2021-08-06 15:43:44','something about geometry',1,74),(120,0,'2021-08-06 15:43:44','something about mathematical-analysis',0,75),(121,0,'2021-08-06 15:43:44','something about geometry',0,77),(122,0,'2021-08-06 15:43:44','something about geometry',0,77),(123,0,'2021-08-06 15:43:44','something about geometry',0,77),(124,0,'2021-08-06 15:43:44','something about combinatorics',0,78),(125,0,'2021-08-06 15:43:44','something about combinatorics',0,78),(126,0,'2021-08-06 15:43:44','something about combinatorics',0,78),(127,0,'2021-08-06 15:43:44','something about algebra',0,79),(128,0,'2021-08-06 15:43:44','something about number-theory',0,80),(129,0,'2021-08-06 15:43:44','something about number-theory',0,80),(130,0,'2021-08-06 15:43:44','something about algebra',0,81),(131,1,'2021-08-06 15:43:44','something about algebra',1,81),(132,0,'2021-08-06 15:43:44','something about algebra',0,81),(133,0,'2021-08-06 15:43:44','something about algebra',0,82),(134,0,'2021-08-06 15:43:44','something about number-theory',1,83),(135,1,'2021-08-06 15:43:44','something about number-theory',2,83),(136,0,'2021-08-06 15:43:44','something about number-theory',1,83),(137,0,'2021-08-06 15:43:44','something about mathematical-analysis',0,85),(138,0,'2021-08-06 15:43:44','something about mathematical-analysis',0,86),(139,0,'2021-08-06 15:43:44','something about mathematical-analysis',0,86),(140,0,'2021-08-06 15:43:44','something about mathematical-analysis',0,86),(141,2,'2021-08-06 15:43:44','something about mathematical-analysis',0,87),(142,0,'2021-08-06 15:43:44','something about mathematical-analysis',0,87),(143,1,'2021-08-06 15:43:44','something about mathematical-analysis',1,88),(144,0,'2021-08-06 15:43:44','something about mathematical-analysis',2,88),(145,0,'2021-08-06 15:43:44','something about geometry',1,89),(146,0,'2021-08-06 15:43:44','something about geometry',2,89),(147,0,'2021-08-06 15:43:44','something about geometry',0,89),(148,2,'2021-08-06 15:43:44','something about algebra',0,90),(149,0,'2021-08-06 15:43:44','something about algebra',0,90),(150,1,'2021-08-06 15:43:44','something about combinatorics',1,93),(151,0,'2021-08-06 15:43:44','something about combinatorics',0,93),(152,0,'2021-08-06 15:43:44','something about algebra',1,94),(153,0,'2021-08-06 15:43:44','something about combinatorics',0,95),(154,0,'2021-08-06 15:43:44','something about mathematical-analysis',0,97),(155,1,'2021-08-06 15:43:44','something about mathematical-analysis',2,97),(156,0,'2021-08-06 15:43:44','something about combinatorics',0,98),(157,1,'2021-08-06 15:43:44','something about combinatorics',0,98),(158,0,'2021-08-06 15:43:44','something about combinatorics',0,98),(159,1,'2021-08-06 15:43:44','something about combinatorics',0,99),(160,0,'2021-08-06 15:43:44','something about biophysics',0,103),(161,0,'2021-08-06 15:43:44','something about biophysics',0,103),(162,0,'2021-08-06 15:43:44','something about biophysics',0,103),(163,0,'2021-08-06 15:43:44','something about biochemistry',0,104),(164,0,'2021-08-06 15:43:44','something about biochemistry',0,104),(165,0,'2021-08-06 15:43:44','something about biochemistry',0,104),(166,0,'2021-08-06 15:43:44','something about biophysics',0,105),(167,0,'2021-08-06 15:43:44','something about biophysics',0,105),(168,0,'2021-08-06 15:43:44','something about biophysics',0,105),(169,0,'2021-08-06 15:43:44','something about biophysics',0,106),(170,0,'2021-08-06 15:43:44','something about biophysics',0,106),(171,0,'2021-08-06 15:43:44','something about biophysics',0,106),(172,0,'2021-08-06 15:43:44','something about anatomy',0,107),(173,0,'2021-08-06 15:43:44','something about genetics',0,108),(174,0,'2021-08-06 15:43:44','something about genetics',0,108),(175,0,'2021-08-06 15:43:44','something about genetics',0,108),(176,0,'2021-08-06 15:43:44','something about biochemistry',0,109),(177,0,'2021-08-06 15:43:44','something about biophysics',0,111),(178,0,'2021-08-06 15:43:44','something about biochemistry',0,112),(179,0,'2021-08-06 15:43:44','something about biochemistry',0,112),(180,0,'2021-08-06 15:43:44','something about biotechnology',0,113),(181,0,'2021-08-06 15:43:44','something about biotechnology',0,113),(182,0,'2021-08-06 15:43:44','something about biophysics',0,114),(183,0,'2021-08-06 15:43:44','something about anatomy',0,117),(184,0,'2021-08-06 15:43:44','something about biochemistry',0,118),(185,0,'2021-08-06 15:43:44','something about biochemistry',0,118),(186,0,'2021-08-06 15:43:44','something about biochemistry',0,118),(187,0,'2021-08-06 15:43:44','something about genetics',0,119),(188,0,'2021-08-06 15:43:44','something about genetics',0,119),(189,0,'2021-08-06 15:43:44','something about anatomy',0,120),(190,0,'2021-08-06 15:43:44','something about anatomy',0,120),(191,0,'2021-08-06 15:43:44','something about anatomy',0,120),(192,0,'2021-08-06 15:43:44','something about biotechnology',0,121),(193,0,'2021-08-06 15:43:44','something about biotechnology',0,121),(194,0,'2021-08-06 15:43:44','something about biochemistry',0,122),(195,0,'2021-08-06 15:43:44','something about biochemistry',0,122),(196,0,'2021-08-06 15:43:44','something about biochemistry',0,124),(197,0,'2021-08-06 15:43:44','something about biochemistry',0,124),(198,0,'2021-08-06 15:43:44','something about biochemistry',1,124),(199,0,'2021-08-06 15:43:44','something about biochemistry',0,125),(200,1,'2021-08-06 15:43:44','something about anatomy',1,126),(201,0,'2021-08-06 15:43:44','something about anatomy',0,126),(202,0,'2021-08-06 15:43:44','something about biochemistry',0,127),(203,0,'2021-08-06 15:43:44','something about biochemistry',0,127),(204,1,'2021-08-06 15:43:44','something about biophysics',0,128),(205,0,'2021-08-06 15:43:44','something about biophysics',0,128),(206,0,'2021-08-06 15:43:44','something about biotechnology',0,129),(207,0,'2021-08-06 15:43:44','something about biotechnology',0,129),(208,0,'2021-08-06 15:43:44','something about anatomy',0,131),(209,0,'2021-08-06 15:43:44','something about anatomy',0,131),(210,0,'2021-08-06 15:43:44','something about genetics',0,132),(211,0,'2021-08-06 15:43:44','something about genetics',0,133),(212,0,'2021-08-06 15:43:44','something about genetics',0,133),(213,1,'2021-08-06 15:43:44','something about biochemistry',1,134),(214,0,'2021-08-06 15:43:44','something about biochemistry',0,134),(215,0,'2021-08-06 15:43:44','something about biochemistry',0,134),(216,0,'2021-08-06 15:43:44','something about anatomy',0,135),(217,0,'2021-08-06 15:43:44','something about biochemistry',0,137),(218,1,'2021-08-06 15:43:44','something about biochemistry',1,137),(219,0,'2021-08-06 15:43:44','something about anatomy',0,138),(220,0,'2021-08-06 15:43:44','something about anatomy',0,138),(221,0,'2021-08-06 15:43:44','something about anatomy',2,138),(222,1,'2021-08-06 15:43:44','something about biotechnology',0,141),(223,0,'2021-08-06 15:43:44','something about biotechnology',1,141),(224,0,'2021-08-06 15:43:44','something about biotechnology',0,141),(225,0,'2021-08-06 15:43:44','something about genetics',0,142),(226,0,'2021-08-06 15:43:44','something about genetics',1,142),(227,1,'2021-08-06 15:43:44','something about biophysics',1,143),(228,1,'2021-08-06 15:43:44','something about biophysics',1,143),(229,0,'2021-08-06 15:43:44','something about genetics',0,145),(230,0,'2021-08-06 15:43:44','something about biochemistry',0,146),(231,0,'2021-08-06 15:43:44','something about biochemistry',0,146),(232,0,'2021-08-06 15:43:44','something about genetics',3,147),(233,0,'2021-08-06 15:43:44','something about genetics',0,147),(234,0,'2021-08-06 15:43:44','something about biotechnology',0,148),(235,0,'2021-08-06 15:43:44','something about biotechnology',0,148),(236,0,'2021-08-06 15:43:44','something about biochemistry',1,149),(237,1,'2021-08-06 15:43:44','something about biochemistry',0,149),(238,2,'2021-08-06 15:43:44','something about biochemistry',3,149),(239,3,'2021-08-06 15:43:44','something about genetics',3,150),(240,0,'2021-08-06 15:43:44','something about finance',0,152),(241,0,'2021-08-06 15:43:44','something about finance',0,152),(242,0,'2021-08-06 15:43:44','something about finance',0,152),(243,0,'2021-08-06 15:43:44','something about broker',0,153),(244,0,'2021-08-06 15:43:44','something about broker',0,153),(245,0,'2021-08-06 15:43:44','something about logistics',0,154),(246,0,'2021-08-06 15:43:44','something about accountant',0,155),(247,0,'2021-08-06 15:43:44','something about broker',0,156),(248,0,'2021-08-06 15:43:44','something about broker',0,156),(249,0,'2021-08-06 15:43:44','something about broker',0,156),(250,0,'2021-08-06 15:43:44','something about finance',0,157),(251,0,'2021-08-06 15:43:44','something about marketing',0,158),(252,0,'2021-08-06 15:43:44','something about marketing',0,158),(253,0,'2021-08-06 15:43:44','something about marketing',0,158),(254,0,'2021-08-06 15:43:44','something about accountant',0,159),(255,0,'2021-08-06 15:43:44','something about accountant',0,159),(256,0,'2021-08-06 15:43:44','something about accountant',0,159),(257,0,'2021-08-06 15:43:44','something about finance',0,161),(258,0,'2021-08-06 15:43:44','something about finance',0,161),(259,0,'2021-08-06 15:43:44','something about logistics',0,163),(260,0,'2021-08-06 15:43:44','something about logistics',0,163),(261,0,'2021-08-06 15:43:44','something about logistics',0,163),(262,0,'2021-08-06 15:43:44','something about marketing',0,164),(263,0,'2021-08-06 15:43:44','something about broker',0,165),(264,0,'2021-08-06 15:43:44','something about broker',0,165),(265,1,'2021-08-06 15:43:44','something about broker',1,165),(266,0,'2021-08-06 15:43:44','something about logistics',0,166),(267,0,'2021-08-06 15:43:44','something about logistics',1,166),(268,0,'2021-08-06 15:43:44','something about logistics',0,166),(269,0,'2021-08-06 15:43:44','something about finance',0,167),(270,0,'2021-08-06 15:43:44','something about accountant',0,170),(271,0,'2021-08-06 15:43:44','something about accountant',0,170),(272,0,'2021-08-06 15:43:44','something about accountant',0,170),(273,0,'2021-08-06 15:43:44','something about finance',0,171),(274,0,'2021-08-06 15:43:44','something about marketing',0,172),(275,1,'2021-08-06 15:43:44','something about broker',1,174),(276,1,'2021-08-06 15:43:44','something about broker',0,174),(277,0,'2021-08-06 15:43:44','something about accountant',0,175),(278,0,'2021-08-06 15:43:44','something about accountant',0,175),(279,0,'2021-08-06 15:43:44','something about accountant',2,175),(280,0,'2021-08-06 15:43:44','something about accountant',1,176),(281,1,'2021-08-06 15:43:44','something about accountant',1,176),(282,0,'2021-08-06 15:43:44','something about accountant',0,176),(283,0,'2021-08-06 15:43:44','something about marketing',0,177),(284,0,'2021-08-06 15:43:44','something about marketing',0,177),(285,0,'2021-08-06 15:43:44','something about accountant',0,178),(286,0,'2021-08-06 15:43:44','something about accountant',1,178),(287,0,'2021-08-06 15:43:44','something about broker',1,179),(288,0,'2021-08-06 15:43:44','something about broker',0,179),(289,0,'2021-08-06 15:43:44','something about marketing',0,180),(290,1,'2021-08-06 15:43:44','something about marketing',1,180),(291,1,'2021-08-06 15:43:44','something about marketing',1,182),(292,1,'2021-08-06 15:43:44','something about accountant',0,183),(293,1,'2021-08-06 15:43:44','something about accountant',0,183),(294,1,'2021-08-06 15:43:44','something about accountant',1,183),(295,0,'2021-08-06 15:43:44','something about logistics',0,184),(296,0,'2021-08-06 15:43:44','something about logistics',1,185),(297,0,'2021-08-06 15:43:44','something about logistics',0,185),(298,0,'2021-08-06 15:43:44','something about logistics',0,185),(299,1,'2021-08-06 15:43:44','something about logistics',1,186),(300,1,'2021-08-06 15:43:44','something about logistics',0,186),(301,0,'2021-08-06 15:43:44','something about broker',1,187),(302,0,'2021-08-06 15:43:44','something about broker',0,187),(303,0,'2021-08-06 15:43:44','something about logistics',0,188),(304,0,'2021-08-06 15:43:44','something about logistics',0,190),(305,0,'2021-08-06 15:43:44','something about logistics',0,190),(306,1,'2021-08-06 15:43:44','something about marketing',1,191),(307,0,'2021-08-06 15:43:44','something about marketing',1,191),(308,1,'2021-08-06 15:43:44','something about broker',1,193),(309,0,'2021-08-06 15:43:44','something about broker',1,193),(310,0,'2021-08-06 15:43:44','something about logistics',1,194),(311,0,'2021-08-06 15:43:44','something about logistics',0,194),(312,0,'2021-08-06 15:43:44','something about logistics',1,194),(313,1,'2021-08-06 15:43:44','something about marketing',0,195),(314,1,'2021-08-06 15:43:44','something about marketing',3,195),(315,0,'2021-08-06 15:43:44','something about marketing',0,195),(316,1,'2021-08-06 15:43:44','something about broker',1,196),(317,1,'2021-08-06 15:43:44','something about finance',0,198),(318,3,'2021-08-06 15:43:44','something about logistics',2,200),(319,1,'2021-08-06 15:43:44','something about logistics',4,200),(320,4,'2021-08-06 15:43:44','something about web-dev',7,201),(321,5,'2021-08-06 15:43:44','something about web-dev',1,201);
/*!40000 ALTER TABLE `post` ENABLE KEYS */;
UNLOCK TABLES;

--
-- Table structure for table `post_views`
--

DROP TABLE IF EXISTS `post_views`;
/*!40101 SET @saved_cs_client     = @@character_set_client */;
/*!50503 SET character_set_client = utf8mb4 */;
CREATE TABLE `post_views` (
  `id` bigint NOT NULL AUTO_INCREMENT,
  `views` int NOT NULL,
  `post_id` bigint DEFAULT NULL,
  `user_id` bigint DEFAULT NULL,
  PRIMARY KEY (`id`),
  KEY `FK8a1o0yvf8ee1udcj1vp8k5d22` (`post_id`),
  KEY `FKhvbp5x4rjm7n4spphgxb9o8cf` (`user_id`)
) ENGINE=MyISAM AUTO_INCREMENT=320 DEFAULT CHARSET=utf8mb4 COLLATE=utf8mb4_0900_ai_ci;
/*!40101 SET character_set_client = @saved_cs_client */;

--
-- Dumping data for table `post_views`
--

LOCK TABLES `post_views` WRITE;
/*!40000 ALTER TABLE `post_views` DISABLE KEYS */;
INSERT INTO `post_views` VALUES (1,4,321,1),(2,4,22,1),(3,4,56,1),(4,4,26,1),(5,4,24,1),(6,4,7,1),(7,2,56,2),(8,2,55,2),(9,2,51,2),(10,2,48,2),(11,2,67,2),(12,2,41,2),(13,2,60,2),(14,2,72,2),(15,2,320,2),(16,2,45,2),(17,2,51,2),(18,2,48,2),(19,2,53,2),(20,5,43,3),(21,5,63,3),(22,5,47,3),(23,5,50,3),(24,5,40,4),(25,2,27,5),(26,2,26,5),(27,2,40,5),(28,2,74,5),(29,2,54,5),(30,0,321,6),(31,0,35,6),(32,0,57,6),(33,0,75,6),(34,0,44,6),(35,0,51,7),(36,0,73,7),(37,0,63,7),(38,0,50,7),(39,4,62,8),(40,4,61,9),(41,4,41,9),(42,4,67,9),(43,4,70,9),(44,4,65,9),(45,4,69,9),(46,4,70,9),(47,4,68,9),(48,4,59,9),(49,4,58,9),(50,4,51,10),(51,4,63,10),(52,5,63,11),(53,5,70,11),(54,5,74,11),(55,5,57,11),(56,5,65,11),(57,5,60,11),(58,5,75,11),(59,5,73,11),(60,5,63,11),(61,3,70,12),(62,1,63,13),(63,1,66,13),(64,4,74,14),(65,4,66,14),(66,2,321,15),(67,2,74,15),(68,2,70,15),(69,4,74,16),(70,4,321,16),(71,4,73,16),(72,2,74,17),(73,1,320,19),(74,5,75,20),(75,5,320,20),(76,0,76,21),(77,4,320,22),(78,3,321,28),(79,1,321,29),(80,1,320,29),(81,0,320,31),(82,2,320,33),(83,3,320,34),(84,0,321,35),(85,3,320,38),(86,5,321,42),(87,3,320,45),(88,0,320,201),(89,3,97,1),(90,3,143,1),(91,3,156,1),(92,3,101,1),(93,5,148,2),(94,5,148,2),(95,5,148,2),(96,5,136,2),(97,5,151,2),(98,2,135,3),(99,2,113,3),(100,2,152,3),(101,2,131,3),(102,2,131,3),(103,2,150,3),(104,2,154,3),(105,2,114,3),(106,1,152,4),(107,1,112,4),(108,1,134,4),(109,1,114,4),(110,1,144,4),(111,1,130,5),(112,1,148,5),(113,1,119,5),(114,1,157,5),(115,1,156,5),(116,1,152,5),(117,1,153,5),(118,1,131,5),(119,1,128,5),(120,1,148,5),(121,1,141,5),(122,5,144,6),(123,5,124,6),(124,5,141,6),(125,5,147,6),(126,5,139,6),(127,3,137,7),(128,3,135,7),(129,3,135,7),(130,3,141,7),(131,3,156,7),(132,3,157,7),(133,3,153,8),(134,3,146,8),(135,3,157,8),(136,5,136,9),(137,5,156,9),(138,5,150,9),(139,5,153,9),(140,4,153,10),(141,4,144,10),(142,2,144,11),(143,2,143,11),(144,2,146,11),(145,2,145,11),(146,2,157,11),(147,3,148,12),(148,3,150,12),(149,3,155,12),(150,3,159,12),(151,3,157,14),(152,3,155,14),(153,5,155,16),(154,4,157,19),(155,0,155,20),(156,1,159,22),(157,0,157,23),(158,2,158,25),(159,0,159,37),(160,5,321,52),(161,2,321,58),(162,0,320,61),(163,1,321,65),(164,5,321,68),(165,2,320,70),(166,0,320,71),(167,0,320,71),(168,0,321,72),(169,0,321,73),(170,5,320,74),(171,2,320,79),(172,4,320,82),(173,2,320,88),(174,4,320,89),(175,2,320,92),(176,0,321,95),(177,3,321,99),(178,1,182,101),(179,1,232,101),(180,1,198,101),(181,1,227,101),(182,1,226,101),(183,1,199,101),(184,1,200,101),(185,1,191,101),(186,1,223,101),(187,1,230,101),(188,1,236,101),(189,1,221,101),(190,1,228,101),(191,1,205,101),(192,1,226,101),(193,4,229,102),(194,4,213,102),(195,4,212,102),(196,4,200,102),(197,4,213,102),(198,4,225,102),(199,0,239,103),(200,0,229,103),(201,0,212,103),(202,0,204,103),(203,0,222,103),(204,3,233,104),(205,3,218,104),(206,3,210,104),(207,3,239,104),(208,3,211,104),(209,3,239,104),(210,0,232,106),(211,0,238,106),(212,1,227,107),(213,1,221,107),(214,1,220,107),(215,1,233,107),(216,3,223,108),(217,3,231,108),(218,3,222,108),(219,4,224,109),(220,4,233,110),(221,4,238,110),(222,4,232,110),(223,4,235,110),(224,4,224,110),(225,1,229,111),(226,1,228,111),(227,1,238,111),(228,1,239,111),(229,1,239,113),(230,1,233,113),(231,1,239,113),(232,2,238,114),(233,2,233,114),(234,1,238,115),(235,1,237,115),(236,5,237,116),(237,1,238,120),(238,0,239,121),(239,4,239,126),(240,5,293,151),(241,5,264,151),(242,5,290,151),(243,5,285,151),(244,5,286,151),(245,5,267,151),(246,5,296,151),(247,5,301,151),(248,5,287,151),(249,5,276,151),(250,5,275,151),(251,5,266,151),(252,5,266,151),(253,5,280,151),(254,5,292,151),(255,5,318,152),(256,5,287,152),(257,5,295,152),(258,5,275,152),(259,5,265,152),(260,5,279,152),(261,5,309,152),(262,1,297,153),(263,1,306,153),(264,1,319,153),(265,1,270,153),(266,1,279,153),(267,4,307,154),(268,4,308,154),(269,4,319,154),(270,4,306,154),(271,4,294,155),(272,4,292,155),(273,1,281,156),(274,0,304,157),(275,0,316,157),(276,0,279,157),(277,0,302,157),(278,0,317,157),(279,0,295,157),(280,0,309,157),(281,0,288,157),(282,0,291,157),(283,5,290,158),(284,5,307,158),(285,5,299,158),(286,5,291,158),(287,5,300,158),(288,5,308,158),(289,5,296,158),(290,5,299,158),(291,5,310,158),(292,5,308,158),(293,4,303,159),(294,4,314,159),(295,3,306,160),(296,4,306,161),(297,0,310,162),(298,0,306,162),(299,4,316,163),(300,4,318,163),(301,1,312,164),(302,1,311,164),(303,1,314,164),(304,3,314,165),(305,3,316,165),(306,0,314,168),(307,0,312,168),(308,0,311,168),(309,1,313,169),(310,2,318,171),(311,2,314,171),(312,1,312,172),(313,2,313,173),(314,4,318,174),(315,2,318,175),(316,0,317,177),(317,0,319,177),(318,0,318,181),(319,3,319,185);
/*!40000 ALTER TABLE `post_views` ENABLE KEYS */;
UNLOCK TABLES;

--
-- Table structure for table `public_button`
--

DROP TABLE IF EXISTS `public_button`;
/*!40101 SET @saved_cs_client     = @@character_set_client */;
/*!50503 SET character_set_client = utf8mb4 */;
CREATE TABLE `public_button` (
  `publicbutton_id` bigint NOT NULL AUTO_INCREMENT,
  `abilities` bit(1) NOT NULL,
  `company` bit(1) NOT NULL,
  `phone` bit(1) NOT NULL,
  `studies` bit(1) NOT NULL,
  `user_id` bigint DEFAULT NULL,
  `work_exp` bit(1) NOT NULL,
  PRIMARY KEY (`publicbutton_id`)
) ENGINE=MyISAM AUTO_INCREMENT=202 DEFAULT CHARSET=utf8mb4 COLLATE=utf8mb4_0900_ai_ci;
/*!40101 SET character_set_client = @saved_cs_client */;

--
-- Dumping data for table `public_button`
--

LOCK TABLES `public_button` WRITE;
/*!40000 ALTER TABLE `public_button` DISABLE KEYS */;
INSERT INTO `public_button` VALUES (1,_binary '',_binary '',_binary '\0',_binary '',1,_binary '\0'),(2,_binary '',_binary '',_binary '\0',_binary '',2,_binary '\0'),(3,_binary '',_binary '',_binary '\0',_binary '',3,_binary '\0'),(4,_binary '',_binary '',_binary '\0',_binary '',4,_binary '\0'),(5,_binary '',_binary '',_binary '\0',_binary '',5,_binary '\0'),(6,_binary '',_binary '',_binary '\0',_binary '',6,_binary '\0'),(7,_binary '',_binary '',_binary '\0',_binary '',7,_binary '\0'),(8,_binary '',_binary '',_binary '\0',_binary '',8,_binary '\0'),(9,_binary '',_binary '',_binary '\0',_binary '',9,_binary '\0'),(10,_binary '',_binary '',_binary '\0',_binary '',10,_binary '\0'),(11,_binary '',_binary '',_binary '\0',_binary '',11,_binary '\0'),(12,_binary '',_binary '',_binary '\0',_binary '',12,_binary '\0'),(13,_binary '',_binary '',_binary '\0',_binary '',13,_binary '\0'),(14,_binary '',_binary '',_binary '\0',_binary '',14,_binary '\0'),(15,_binary '',_binary '',_binary '\0',_binary '',15,_binary '\0'),(16,_binary '',_binary '',_binary '\0',_binary '',16,_binary '\0'),(17,_binary '',_binary '',_binary '\0',_binary '',17,_binary '\0'),(18,_binary '',_binary '',_binary '\0',_binary '',18,_binary '\0'),(19,_binary '',_binary '',_binary '\0',_binary '',19,_binary '\0'),(20,_binary '',_binary '',_binary '\0',_binary '',20,_binary '\0'),(21,_binary '',_binary '',_binary '\0',_binary '',21,_binary '\0'),(22,_binary '',_binary '',_binary '\0',_binary '',22,_binary '\0'),(23,_binary '',_binary '',_binary '\0',_binary '',23,_binary '\0'),(24,_binary '',_binary '',_binary '\0',_binary '',24,_binary '\0'),(25,_binary '',_binary '',_binary '\0',_binary '',25,_binary '\0'),(26,_binary '',_binary '',_binary '\0',_binary '',26,_binary '\0'),(27,_binary '',_binary '',_binary '\0',_binary '',27,_binary '\0'),(28,_binary '',_binary '',_binary '\0',_binary '',28,_binary '\0'),(29,_binary '',_binary '',_binary '\0',_binary '',29,_binary '\0'),(30,_binary '',_binary '',_binary '\0',_binary '',30,_binary '\0'),(31,_binary '',_binary '',_binary '\0',_binary '',31,_binary '\0'),(32,_binary '',_binary '',_binary '\0',_binary '',32,_binary '\0'),(33,_binary '',_binary '',_binary '\0',_binary '',33,_binary '\0'),(34,_binary '',_binary '',_binary '\0',_binary '',34,_binary '\0'),(35,_binary '',_binary '',_binary '\0',_binary '',35,_binary '\0'),(36,_binary '',_binary '',_binary '\0',_binary '',36,_binary '\0'),(37,_binary '',_binary '',_binary '\0',_binary '',37,_binary '\0'),(38,_binary '',_binary '',_binary '\0',_binary '',38,_binary '\0'),(39,_binary '',_binary '',_binary '\0',_binary '',39,_binary '\0'),(40,_binary '',_binary '',_binary '\0',_binary '',40,_binary '\0'),(41,_binary '',_binary '',_binary '\0',_binary '',41,_binary '\0'),(42,_binary '',_binary '',_binary '\0',_binary '',42,_binary '\0'),(43,_binary '',_binary '',_binary '\0',_binary '',43,_binary '\0'),(44,_binary '',_binary '',_binary '\0',_binary '',44,_binary '\0'),(45,_binary '',_binary '',_binary '\0',_binary '',45,_binary '\0'),(46,_binary '',_binary '',_binary '\0',_binary '',46,_binary '\0'),(47,_binary '',_binary '',_binary '\0',_binary '',47,_binary '\0'),(48,_binary '',_binary '',_binary '\0',_binary '',48,_binary '\0'),(49,_binary '',_binary '',_binary '\0',_binary '',49,_binary '\0'),(50,_binary '',_binary '',_binary '\0',_binary '',50,_binary '\0'),(51,_binary '',_binary '',_binary '\0',_binary '',51,_binary '\0'),(52,_binary '',_binary '',_binary '\0',_binary '',52,_binary '\0'),(53,_binary '',_binary '',_binary '\0',_binary '',53,_binary '\0'),(54,_binary '',_binary '',_binary '\0',_binary '',54,_binary '\0'),(55,_binary '',_binary '',_binary '\0',_binary '',55,_binary '\0'),(56,_binary '',_binary '',_binary '\0',_binary '',56,_binary '\0'),(57,_binary '',_binary '',_binary '\0',_binary '',57,_binary '\0'),(58,_binary '',_binary '',_binary '\0',_binary '',58,_binary '\0'),(59,_binary '',_binary '',_binary '\0',_binary '',59,_binary '\0'),(60,_binary '',_binary '',_binary '\0',_binary '',60,_binary '\0'),(61,_binary '',_binary '',_binary '\0',_binary '',61,_binary '\0'),(62,_binary '',_binary '',_binary '\0',_binary '',62,_binary '\0'),(63,_binary '',_binary '',_binary '\0',_binary '',63,_binary '\0'),(64,_binary '',_binary '',_binary '\0',_binary '',64,_binary '\0'),(65,_binary '',_binary '',_binary '\0',_binary '',65,_binary '\0'),(66,_binary '',_binary '',_binary '\0',_binary '',66,_binary '\0'),(67,_binary '',_binary '',_binary '\0',_binary '',67,_binary '\0'),(68,_binary '',_binary '',_binary '\0',_binary '',68,_binary '\0'),(69,_binary '',_binary '',_binary '\0',_binary '',69,_binary '\0'),(70,_binary '',_binary '',_binary '\0',_binary '',70,_binary '\0'),(71,_binary '',_binary '',_binary '\0',_binary '',71,_binary '\0'),(72,_binary '',_binary '',_binary '\0',_binary '',72,_binary '\0'),(73,_binary '',_binary '',_binary '\0',_binary '',73,_binary '\0'),(74,_binary '',_binary '',_binary '\0',_binary '',74,_binary '\0'),(75,_binary '',_binary '',_binary '\0',_binary '',75,_binary '\0'),(76,_binary '',_binary '',_binary '\0',_binary '',76,_binary '\0'),(77,_binary '',_binary '',_binary '\0',_binary '',77,_binary '\0'),(78,_binary '',_binary '',_binary '\0',_binary '',78,_binary '\0'),(79,_binary '',_binary '',_binary '\0',_binary '',79,_binary '\0'),(80,_binary '',_binary '',_binary '\0',_binary '',80,_binary '\0'),(81,_binary '',_binary '',_binary '\0',_binary '',81,_binary '\0'),(82,_binary '',_binary '',_binary '\0',_binary '',82,_binary '\0'),(83,_binary '',_binary '',_binary '\0',_binary '',83,_binary '\0'),(84,_binary '',_binary '',_binary '\0',_binary '',84,_binary '\0'),(85,_binary '',_binary '',_binary '\0',_binary '',85,_binary '\0'),(86,_binary '',_binary '',_binary '\0',_binary '',86,_binary '\0'),(87,_binary '',_binary '',_binary '\0',_binary '',87,_binary '\0'),(88,_binary '',_binary '',_binary '\0',_binary '',88,_binary '\0'),(89,_binary '',_binary '',_binary '\0',_binary '',89,_binary '\0'),(90,_binary '',_binary '',_binary '\0',_binary '',90,_binary '\0'),(91,_binary '',_binary '',_binary '\0',_binary '',91,_binary '\0'),(92,_binary '',_binary '',_binary '\0',_binary '',92,_binary '\0'),(93,_binary '',_binary '',_binary '\0',_binary '',93,_binary '\0'),(94,_binary '',_binary '',_binary '\0',_binary '',94,_binary '\0'),(95,_binary '',_binary '',_binary '\0',_binary '',95,_binary '\0'),(96,_binary '',_binary '',_binary '\0',_binary '',96,_binary '\0'),(97,_binary '',_binary '',_binary '\0',_binary '',97,_binary '\0'),(98,_binary '',_binary '',_binary '\0',_binary '',98,_binary '\0'),(99,_binary '',_binary '',_binary '\0',_binary '',99,_binary '\0'),(100,_binary '',_binary '',_binary '\0',_binary '',100,_binary '\0'),(101,_binary '',_binary '',_binary '\0',_binary '',101,_binary '\0'),(102,_binary '',_binary '',_binary '\0',_binary '',102,_binary '\0'),(103,_binary '',_binary '',_binary '\0',_binary '',103,_binary '\0'),(104,_binary '',_binary '',_binary '\0',_binary '',104,_binary '\0'),(105,_binary '',_binary '',_binary '\0',_binary '',105,_binary '\0'),(106,_binary '',_binary '',_binary '\0',_binary '',106,_binary '\0'),(107,_binary '',_binary '',_binary '\0',_binary '',107,_binary '\0'),(108,_binary '',_binary '',_binary '\0',_binary '',108,_binary '\0'),(109,_binary '',_binary '',_binary '\0',_binary '',109,_binary '\0'),(110,_binary '',_binary '',_binary '\0',_binary '',110,_binary '\0'),(111,_binary '',_binary '',_binary '\0',_binary '',111,_binary '\0'),(112,_binary '',_binary '',_binary '\0',_binary '',112,_binary '\0'),(113,_binary '',_binary '',_binary '\0',_binary '',113,_binary '\0'),(114,_binary '',_binary '',_binary '\0',_binary '',114,_binary '\0'),(115,_binary '',_binary '',_binary '\0',_binary '',115,_binary '\0'),(116,_binary '',_binary '',_binary '\0',_binary '',116,_binary '\0'),(117,_binary '',_binary '',_binary '\0',_binary '',117,_binary '\0'),(118,_binary '',_binary '',_binary '\0',_binary '',118,_binary '\0'),(119,_binary '',_binary '',_binary '\0',_binary '',119,_binary '\0'),(120,_binary '',_binary '',_binary '\0',_binary '',120,_binary '\0'),(121,_binary '',_binary '',_binary '\0',_binary '',121,_binary '\0'),(122,_binary '',_binary '',_binary '\0',_binary '',122,_binary '\0'),(123,_binary '',_binary '',_binary '\0',_binary '',123,_binary '\0'),(124,_binary '',_binary '',_binary '\0',_binary '',124,_binary '\0'),(125,_binary '',_binary '',_binary '\0',_binary '',125,_binary '\0'),(126,_binary '',_binary '',_binary '\0',_binary '',126,_binary '\0'),(127,_binary '',_binary '',_binary '\0',_binary '',127,_binary '\0'),(128,_binary '',_binary '',_binary '\0',_binary '',128,_binary '\0'),(129,_binary '',_binary '',_binary '\0',_binary '',129,_binary '\0'),(130,_binary '',_binary '',_binary '\0',_binary '',130,_binary '\0'),(131,_binary '',_binary '',_binary '\0',_binary '',131,_binary '\0'),(132,_binary '',_binary '',_binary '\0',_binary '',132,_binary '\0'),(133,_binary '',_binary '',_binary '\0',_binary '',133,_binary '\0'),(134,_binary '',_binary '',_binary '\0',_binary '',134,_binary '\0'),(135,_binary '',_binary '',_binary '\0',_binary '',135,_binary '\0'),(136,_binary '',_binary '',_binary '\0',_binary '',136,_binary '\0'),(137,_binary '',_binary '',_binary '\0',_binary '',137,_binary '\0'),(138,_binary '',_binary '',_binary '\0',_binary '',138,_binary '\0'),(139,_binary '',_binary '',_binary '\0',_binary '',139,_binary '\0'),(140,_binary '',_binary '',_binary '\0',_binary '',140,_binary '\0'),(141,_binary '',_binary '',_binary '\0',_binary '',141,_binary '\0'),(142,_binary '',_binary '',_binary '\0',_binary '',142,_binary '\0'),(143,_binary '',_binary '',_binary '\0',_binary '',143,_binary '\0'),(144,_binary '',_binary '',_binary '\0',_binary '',144,_binary '\0'),(145,_binary '',_binary '',_binary '\0',_binary '',145,_binary '\0'),(146,_binary '',_binary '',_binary '\0',_binary '',146,_binary '\0'),(147,_binary '',_binary '',_binary '\0',_binary '',147,_binary '\0'),(148,_binary '',_binary '',_binary '\0',_binary '',148,_binary '\0'),(149,_binary '',_binary '',_binary '\0',_binary '',149,_binary '\0'),(150,_binary '',_binary '',_binary '\0',_binary '',150,_binary '\0'),(151,_binary '',_binary '',_binary '\0',_binary '',151,_binary '\0'),(152,_binary '',_binary '',_binary '\0',_binary '',152,_binary '\0'),(153,_binary '',_binary '',_binary '\0',_binary '',153,_binary '\0'),(154,_binary '',_binary '',_binary '\0',_binary '',154,_binary '\0'),(155,_binary '',_binary '',_binary '\0',_binary '',155,_binary '\0'),(156,_binary '',_binary '',_binary '\0',_binary '',156,_binary '\0'),(157,_binary '',_binary '',_binary '\0',_binary '',157,_binary '\0'),(158,_binary '',_binary '',_binary '\0',_binary '',158,_binary '\0'),(159,_binary '',_binary '',_binary '\0',_binary '',159,_binary '\0'),(160,_binary '',_binary '',_binary '\0',_binary '',160,_binary '\0'),(161,_binary '',_binary '',_binary '\0',_binary '',161,_binary '\0'),(162,_binary '',_binary '',_binary '\0',_binary '',162,_binary '\0'),(163,_binary '',_binary '',_binary '\0',_binary '',163,_binary '\0'),(164,_binary '',_binary '',_binary '\0',_binary '',164,_binary '\0'),(165,_binary '',_binary '',_binary '\0',_binary '',165,_binary '\0'),(166,_binary '',_binary '',_binary '\0',_binary '',166,_binary '\0'),(167,_binary '',_binary '',_binary '\0',_binary '',167,_binary '\0'),(168,_binary '',_binary '',_binary '\0',_binary '',168,_binary '\0'),(169,_binary '',_binary '',_binary '\0',_binary '',169,_binary '\0'),(170,_binary '',_binary '',_binary '\0',_binary '',170,_binary '\0'),(171,_binary '',_binary '',_binary '\0',_binary '',171,_binary '\0'),(172,_binary '',_binary '',_binary '\0',_binary '',172,_binary '\0'),(173,_binary '',_binary '',_binary '\0',_binary '',173,_binary '\0'),(174,_binary '',_binary '',_binary '\0',_binary '',174,_binary '\0'),(175,_binary '',_binary '',_binary '\0',_binary '',175,_binary '\0'),(176,_binary '',_binary '',_binary '\0',_binary '',176,_binary '\0'),(177,_binary '',_binary '',_binary '\0',_binary '',177,_binary '\0'),(178,_binary '',_binary '',_binary '\0',_binary '',178,_binary '\0'),(179,_binary '',_binary '',_binary '\0',_binary '',179,_binary '\0'),(180,_binary '',_binary '',_binary '\0',_binary '',180,_binary '\0'),(181,_binary '',_binary '',_binary '\0',_binary '',181,_binary '\0'),(182,_binary '',_binary '',_binary '\0',_binary '',182,_binary '\0'),(183,_binary '',_binary '',_binary '\0',_binary '',183,_binary '\0'),(184,_binary '',_binary '',_binary '\0',_binary '',184,_binary '\0'),(185,_binary '',_binary '',_binary '\0',_binary '',185,_binary '\0'),(186,_binary '',_binary '',_binary '\0',_binary '',186,_binary '\0'),(187,_binary '',_binary '',_binary '\0',_binary '',187,_binary '\0'),(188,_binary '',_binary '',_binary '\0',_binary '',188,_binary '\0'),(189,_binary '',_binary '',_binary '\0',_binary '',189,_binary '\0'),(190,_binary '',_binary '',_binary '\0',_binary '',190,_binary '\0'),(191,_binary '',_binary '',_binary '\0',_binary '',191,_binary '\0'),(192,_binary '',_binary '',_binary '\0',_binary '',192,_binary '\0'),(193,_binary '',_binary '',_binary '\0',_binary '',193,_binary '\0'),(194,_binary '',_binary '',_binary '\0',_binary '',194,_binary '\0'),(195,_binary '',_binary '',_binary '\0',_binary '',195,_binary '\0'),(196,_binary '',_binary '',_binary '\0',_binary '',196,_binary '\0'),(197,_binary '',_binary '',_binary '\0',_binary '',197,_binary '\0'),(198,_binary '',_binary '',_binary '\0',_binary '',198,_binary '\0'),(199,_binary '',_binary '',_binary '\0',_binary '',199,_binary '\0'),(200,_binary '',_binary '',_binary '\0',_binary '',200,_binary '\0'),(201,_binary '',_binary '',_binary '\0',_binary '',201,_binary '\0');
/*!40000 ALTER TABLE `public_button` ENABLE KEYS */;
UNLOCK TABLES;

--
-- Table structure for table `refresh_token`
--

DROP TABLE IF EXISTS `refresh_token`;
/*!40101 SET @saved_cs_client     = @@character_set_client */;
/*!50503 SET character_set_client = utf8mb4 */;
CREATE TABLE `refresh_token` (
  `id` bigint NOT NULL AUTO_INCREMENT,
  `created_date` datetime DEFAULT NULL,
  `token` varchar(255) DEFAULT NULL,
  PRIMARY KEY (`id`)
) ENGINE=MyISAM AUTO_INCREMENT=8 DEFAULT CHARSET=utf8mb4 COLLATE=utf8mb4_0900_ai_ci;
/*!40101 SET character_set_client = @saved_cs_client */;

--
-- Dumping data for table `refresh_token`
--

LOCK TABLES `refresh_token` WRITE;
/*!40000 ALTER TABLE `refresh_token` DISABLE KEYS */;
INSERT INTO `refresh_token` VALUES (1,'2021-08-14 23:14:42','50fb6ffd-6299-4ff7-b6ca-896453ae1549'),(3,'2021-08-15 17:53:26','e0da2425-ab3d-4d47-97e1-65b16b58314b'),(7,'2021-08-16 11:56:08','5ca3ce65-8048-41c4-ac3c-cba7bede03c8');
/*!40000 ALTER TABLE `refresh_token` ENABLE KEYS */;
UNLOCK TABLES;

--
-- Table structure for table `token`
--

DROP TABLE IF EXISTS `token`;
/*!40101 SET @saved_cs_client     = @@character_set_client */;
/*!50503 SET character_set_client = utf8mb4 */;
CREATE TABLE `token` (
  `id` bigint NOT NULL AUTO_INCREMENT,
  `expiry_date` datetime DEFAULT NULL,
  `token` varchar(255) DEFAULT NULL,
  `user_user_id` bigint DEFAULT NULL,
  PRIMARY KEY (`id`),
  KEY `FK79keudebybjlldk2o4i0nwqev` (`user_user_id`)
) ENGINE=MyISAM DEFAULT CHARSET=utf8mb4 COLLATE=utf8mb4_0900_ai_ci;
/*!40101 SET character_set_client = @saved_cs_client */;

--
-- Dumping data for table `token`
--

LOCK TABLES `token` WRITE;
/*!40000 ALTER TABLE `token` DISABLE KEYS */;
/*!40000 ALTER TABLE `token` ENABLE KEYS */;
UNLOCK TABLES;

--
-- Table structure for table `user`
--

DROP TABLE IF EXISTS `user`;
/*!40101 SET @saved_cs_client     = @@character_set_client */;
/*!50503 SET character_set_client = utf8mb4 */;
CREATE TABLE `user` (
  `user_id` bigint NOT NULL AUTO_INCREMENT,
  `company_name` varchar(255) DEFAULT NULL,
  `created` datetime DEFAULT NULL,
  `email` varchar(255) NOT NULL,
  `enabled` bit(1) NOT NULL,
  `first_name` varchar(255) DEFAULT NULL,
  `last_name` varchar(255) DEFAULT NULL,
  `password` varchar(255) DEFAULT NULL,
  `phone` varchar(255) DEFAULT NULL,
  `username` varchar(255) DEFAULT NULL,
  PRIMARY KEY (`user_id`)
) ENGINE=MyISAM AUTO_INCREMENT=203 DEFAULT CHARSET=utf8mb4 COLLATE=utf8mb4_0900_ai_ci;
/*!40101 SET character_set_client = @saved_cs_client */;

--
-- Dumping data for table `user`
--

LOCK TABLES `user` WRITE;
/*!40000 ALTER TABLE `user` DISABLE KEYS */;
INSERT INTO `user` VALUES (1,'a company','2021-08-06 15:43:44','Arif_1@gmail',_binary '','Arif','Arif','$2a$12$P1xpvvu9PgWNtB1QryS3w.w0YPm0jax1h9YG2V3VmIVl.1CU.PONi','28651','Arif_1'),(2,'a company','2021-08-06 15:43:44','Bret_2@gmail',_binary '','Bret','Bret','$2a$12$P1xpvvu9PgWNtB1QryS3w.w0YPm0jax1h9YG2V3VmIVl.1CU.PONi','13863','Bret_2'),(3,'a company','2021-08-06 15:43:44','Glenine_3@gmail',_binary '','Glenine','Glenine','$2a$12$P1xpvvu9PgWNtB1QryS3w.w0YPm0jax1h9YG2V3VmIVl.1CU.PONi','24728','Glenine_3'),(4,'a company','2021-08-06 15:43:44','Faizal_4@gmail',_binary '','Faizal','Faizal','$2a$12$P1xpvvu9PgWNtB1QryS3w.w0YPm0jax1h9YG2V3VmIVl.1CU.PONi','22439','Faizal_4'),(5,'a company','2021-08-06 15:43:44','Andrzej_5@gmail',_binary '','Andrzej','Andrzej','$2a$12$P1xpvvu9PgWNtB1QryS3w.w0YPm0jax1h9YG2V3VmIVl.1CU.PONi','25986','Andrzej_5'),(6,'a company','2021-08-06 15:43:44','Isabelita_6@gmail',_binary '','Isabelita','Isabelita','$2a$12$P1xpvvu9PgWNtB1QryS3w.w0YPm0jax1h9YG2V3VmIVl.1CU.PONi','22773','Isabelita_6'),(7,'a company','2021-08-06 15:43:44','Emlynn_7@gmail',_binary '','Emlynn','Emlynn','$2a$12$P1xpvvu9PgWNtB1QryS3w.w0YPm0jax1h9YG2V3VmIVl.1CU.PONi','10069','Emlynn_7'),(8,'a company','2021-08-06 15:43:44','Brunhilde_8@gmail',_binary '','Brunhilde','Brunhilde','$2a$12$P1xpvvu9PgWNtB1QryS3w.w0YPm0jax1h9YG2V3VmIVl.1CU.PONi','17496','Brunhilde_8'),(9,'a company','2021-08-06 15:43:44','Jeanne_9@gmail',_binary '','Jeanne','Jeanne','$2a$12$P1xpvvu9PgWNtB1QryS3w.w0YPm0jax1h9YG2V3VmIVl.1CU.PONi','13349','Jeanne_9'),(10,'a company','2021-08-06 15:43:44','Ailsun_10@gmail',_binary '','Ailsun','Ailsun','$2a$12$P1xpvvu9PgWNtB1QryS3w.w0YPm0jax1h9YG2V3VmIVl.1CU.PONi','10731','Ailsun_10'),(11,'a company','2021-08-06 15:43:44','Fady_11@gmail',_binary '','Fady','Fady','$2a$12$P1xpvvu9PgWNtB1QryS3w.w0YPm0jax1h9YG2V3VmIVl.1CU.PONi','27741','Fady_11'),(12,'a company','2021-08-06 15:43:44','Jean-Bernard_12@gmail',_binary '','Jean-Bernard','Jean-Bernard','$2a$12$P1xpvvu9PgWNtB1QryS3w.w0YPm0jax1h9YG2V3VmIVl.1CU.PONi','22491','Jean-Bernard_12'),(13,'a company','2021-08-06 15:43:44','Jo ann_13@gmail',_binary '','Jo ann','Jo ann','$2a$12$P1xpvvu9PgWNtB1QryS3w.w0YPm0jax1h9YG2V3VmIVl.1CU.PONi','23831','Jo ann_13'),(14,'a company','2021-08-06 15:43:44','Donny_14@gmail',_binary '','Donny','Donny','$2a$12$P1xpvvu9PgWNtB1QryS3w.w0YPm0jax1h9YG2V3VmIVl.1CU.PONi','17264','Donny_14'),(15,'a company','2021-08-06 15:43:44','Jean-Bernard_15@gmail',_binary '','Jean-Bernard','Jean-Bernard','$2a$12$P1xpvvu9PgWNtB1QryS3w.w0YPm0jax1h9YG2V3VmIVl.1CU.PONi','26246','Jean-Bernard_15'),(16,'a company','2021-08-06 15:43:44','Birmingham_16@gmail',_binary '','Birmingham','Birmingham','$2a$12$P1xpvvu9PgWNtB1QryS3w.w0YPm0jax1h9YG2V3VmIVl.1CU.PONi','21327','Birmingham_16'),(17,'a company','2021-08-06 15:43:44','Fil_17@gmail',_binary '','Fil','Fil','$2a$12$P1xpvvu9PgWNtB1QryS3w.w0YPm0jax1h9YG2V3VmIVl.1CU.PONi','17169','Fil_17'),(18,'a company','2021-08-06 15:43:44','Jennee_18@gmail',_binary '','Jennee','Jennee','$2a$12$P1xpvvu9PgWNtB1QryS3w.w0YPm0jax1h9YG2V3VmIVl.1CU.PONi','19495','Jennee_18'),(19,'a company','2021-08-06 15:43:44','Coriss_19@gmail',_binary '','Coriss','Coriss','$2a$12$P1xpvvu9PgWNtB1QryS3w.w0YPm0jax1h9YG2V3VmIVl.1CU.PONi','28233','Coriss_19'),(20,'a company','2021-08-06 15:43:44','Barsha_20@gmail',_binary '','Barsha','Barsha','$2a$12$P1xpvvu9PgWNtB1QryS3w.w0YPm0jax1h9YG2V3VmIVl.1CU.PONi','19712','Barsha_20'),(21,'a company','2021-08-06 15:43:44','Ghassem_21@gmail',_binary '','Ghassem','Ghassem','$2a$12$P1xpvvu9PgWNtB1QryS3w.w0YPm0jax1h9YG2V3VmIVl.1CU.PONi','20901','Ghassem_21'),(22,'a company','2021-08-06 15:43:44','Jayant_22@gmail',_binary '','Jayant','Jayant','$2a$12$P1xpvvu9PgWNtB1QryS3w.w0YPm0jax1h9YG2V3VmIVl.1CU.PONi','23831','Jayant_22'),(23,'a company','2021-08-06 15:43:44','Hengameh_23@gmail',_binary '','Hengameh','Hengameh','$2a$12$P1xpvvu9PgWNtB1QryS3w.w0YPm0jax1h9YG2V3VmIVl.1CU.PONi','16220','Hengameh_23'),(24,'a company','2021-08-06 15:43:44','Candee_24@gmail',_binary '','Candee','Candee','$2a$12$P1xpvvu9PgWNtB1QryS3w.w0YPm0jax1h9YG2V3VmIVl.1CU.PONi','29253','Candee_24'),(25,'a company','2021-08-06 15:43:44','Hiroki_25@gmail',_binary '','Hiroki','Hiroki','$2a$12$P1xpvvu9PgWNtB1QryS3w.w0YPm0jax1h9YG2V3VmIVl.1CU.PONi','26557','Hiroki_25'),(26,'a company','2021-08-06 15:43:44','Ellie_26@gmail',_binary '','Ellie','Ellie','$2a$12$P1xpvvu9PgWNtB1QryS3w.w0YPm0jax1h9YG2V3VmIVl.1CU.PONi','11131','Ellie_26'),(27,'a company','2021-08-06 15:43:44','Bobine_27@gmail',_binary '','Bobine','Bobine','$2a$12$P1xpvvu9PgWNtB1QryS3w.w0YPm0jax1h9YG2V3VmIVl.1CU.PONi','23247','Bobine_27'),(28,'a company','2021-08-06 15:43:44','Fayre_28@gmail',_binary '','Fayre','Fayre','$2a$12$P1xpvvu9PgWNtB1QryS3w.w0YPm0jax1h9YG2V3VmIVl.1CU.PONi','15669','Fayre_28'),(29,'a company','2021-08-06 15:43:44','Dulcia_29@gmail',_binary '','Dulcia','Dulcia','$2a$12$P1xpvvu9PgWNtB1QryS3w.w0YPm0jax1h9YG2V3VmIVl.1CU.PONi','22278','Dulcia_29'),(30,'a company','2021-08-06 15:43:44','Dacia_30@gmail',_binary '','Dacia','Dacia','$2a$12$P1xpvvu9PgWNtB1QryS3w.w0YPm0jax1h9YG2V3VmIVl.1CU.PONi','26660','Dacia_30'),(31,'a company','2021-08-06 15:43:44','Gretta_31@gmail',_binary '','Gretta','Gretta','$2a$12$P1xpvvu9PgWNtB1QryS3w.w0YPm0jax1h9YG2V3VmIVl.1CU.PONi','15364','Gretta_31'),(32,'a company','2021-08-06 15:43:44','Hestia_32@gmail',_binary '','Hestia','Hestia','$2a$12$P1xpvvu9PgWNtB1QryS3w.w0YPm0jax1h9YG2V3VmIVl.1CU.PONi','22886','Hestia_32'),(33,'a company','2021-08-06 15:43:44','Denise_33@gmail',_binary '','Denise','Denise','$2a$12$P1xpvvu9PgWNtB1QryS3w.w0YPm0jax1h9YG2V3VmIVl.1CU.PONi','10969','Denise_33'),(34,'a company','2021-08-06 15:43:44','Aleta_34@gmail',_binary '','Aleta','Aleta','$2a$12$P1xpvvu9PgWNtB1QryS3w.w0YPm0jax1h9YG2V3VmIVl.1CU.PONi','20109','Aleta_34'),(35,'a company','2021-08-06 15:43:44','Elonore_35@gmail',_binary '','Elonore','Elonore','$2a$12$P1xpvvu9PgWNtB1QryS3w.w0YPm0jax1h9YG2V3VmIVl.1CU.PONi','28945','Elonore_35'),(36,'a company','2021-08-06 15:43:44','Ewen_36@gmail',_binary '','Ewen','Ewen','$2a$12$P1xpvvu9PgWNtB1QryS3w.w0YPm0jax1h9YG2V3VmIVl.1CU.PONi','15582','Ewen_36'),(37,'a company','2021-08-06 15:43:44','Dhiren_37@gmail',_binary '','Dhiren','Dhiren','$2a$12$P1xpvvu9PgWNtB1QryS3w.w0YPm0jax1h9YG2V3VmIVl.1CU.PONi','17436','Dhiren_37'),(38,'a company','2021-08-06 15:43:44','Goutam_38@gmail',_binary '','Goutam','Goutam','$2a$12$P1xpvvu9PgWNtB1QryS3w.w0YPm0jax1h9YG2V3VmIVl.1CU.PONi','16537','Goutam_38'),(39,'a company','2021-08-06 15:43:44','Jan_39@gmail',_binary '','Jan','Jan','$2a$12$P1xpvvu9PgWNtB1QryS3w.w0YPm0jax1h9YG2V3VmIVl.1CU.PONi','27967','Jan_39'),(40,'a company','2021-08-06 15:43:44','Constance_40@gmail',_binary '','Constance','Constance','$2a$12$P1xpvvu9PgWNtB1QryS3w.w0YPm0jax1h9YG2V3VmIVl.1CU.PONi','26835','Constance_40'),(41,'a company','2021-08-06 15:43:44','Jennette_41@gmail',_binary '','Jennette','Jennette','$2a$12$P1xpvvu9PgWNtB1QryS3w.w0YPm0jax1h9YG2V3VmIVl.1CU.PONi','28933','Jennette_41'),(42,'a company','2021-08-06 15:43:44','Darleen_42@gmail',_binary '','Darleen','Darleen','$2a$12$P1xpvvu9PgWNtB1QryS3w.w0YPm0jax1h9YG2V3VmIVl.1CU.PONi','18823','Darleen_42'),(43,'a company','2021-08-06 15:43:44','Emmalynn_43@gmail',_binary '','Emmalynn','Emmalynn','$2a$12$P1xpvvu9PgWNtB1QryS3w.w0YPm0jax1h9YG2V3VmIVl.1CU.PONi','10187','Emmalynn_43'),(44,'a company','2021-08-06 15:43:44','Guillermo_44@gmail',_binary '','Guillermo','Guillermo','$2a$12$P1xpvvu9PgWNtB1QryS3w.w0YPm0jax1h9YG2V3VmIVl.1CU.PONi','26793','Guillermo_44'),(45,'a company','2021-08-06 15:43:44','Doll_45@gmail',_binary '','Doll','Doll','$2a$12$P1xpvvu9PgWNtB1QryS3w.w0YPm0jax1h9YG2V3VmIVl.1CU.PONi','28394','Doll_45'),(46,'a company','2021-08-06 15:43:44','Crin_46@gmail',_binary '','Crin','Crin','$2a$12$P1xpvvu9PgWNtB1QryS3w.w0YPm0jax1h9YG2V3VmIVl.1CU.PONi','11839','Crin_46'),(47,'a company','2021-08-06 15:43:44','Ichiro_47@gmail',_binary '','Ichiro','Ichiro','$2a$12$P1xpvvu9PgWNtB1QryS3w.w0YPm0jax1h9YG2V3VmIVl.1CU.PONi','21951','Ichiro_47'),(48,'a company','2021-08-06 15:43:44','Dwaine_48@gmail',_binary '','Dwaine','Dwaine','$2a$12$P1xpvvu9PgWNtB1QryS3w.w0YPm0jax1h9YG2V3VmIVl.1CU.PONi','16548','Dwaine_48'),(49,'a company','2021-08-06 15:43:44','Corene_49@gmail',_binary '','Corene','Corene','$2a$12$P1xpvvu9PgWNtB1QryS3w.w0YPm0jax1h9YG2V3VmIVl.1CU.PONi','25890','Corene_49'),(50,'a company','2021-08-06 15:43:44','Cori_50@gmail',_binary '','Cori','Cori','$2a$12$P1xpvvu9PgWNtB1QryS3w.w0YPm0jax1h9YG2V3VmIVl.1CU.PONi','21340','Cori_50'),(51,'a company','2021-08-06 15:43:44','Dorry_51@gmail',_binary '','Dorry','Dorry','$2a$12$P1xpvvu9PgWNtB1QryS3w.w0YPm0jax1h9YG2V3VmIVl.1CU.PONi','27698','Dorry_51'),(52,'a company','2021-08-06 15:43:44','Gurdip_52@gmail',_binary '','Gurdip','Gurdip','$2a$12$P1xpvvu9PgWNtB1QryS3w.w0YPm0jax1h9YG2V3VmIVl.1CU.PONi','20850','Gurdip_52'),(53,'a company','2021-08-06 15:43:44','Elysia_53@gmail',_binary '','Elysia','Elysia','$2a$12$P1xpvvu9PgWNtB1QryS3w.w0YPm0jax1h9YG2V3VmIVl.1CU.PONi','10916','Elysia_53'),(54,'a company','2021-08-06 15:43:44','Ethelind_54@gmail',_binary '','Ethelind','Ethelind','$2a$12$P1xpvvu9PgWNtB1QryS3w.w0YPm0jax1h9YG2V3VmIVl.1CU.PONi','15806','Ethelind_54'),(55,'a company','2021-08-06 15:43:44','Elisabetta_55@gmail',_binary '','Elisabetta','Elisabetta','$2a$12$P1xpvvu9PgWNtB1QryS3w.w0YPm0jax1h9YG2V3VmIVl.1CU.PONi','15923','Elisabetta_55'),(56,'a company','2021-08-06 15:43:44','Haig_56@gmail',_binary '','Haig','Haig','$2a$12$P1xpvvu9PgWNtB1QryS3w.w0YPm0jax1h9YG2V3VmIVl.1CU.PONi','28056','Haig_56'),(57,'a company','2021-08-06 15:43:44','Ainsley_57@gmail',_binary '','Ainsley','Ainsley','$2a$12$P1xpvvu9PgWNtB1QryS3w.w0YPm0jax1h9YG2V3VmIVl.1CU.PONi','12308','Ainsley_57'),(58,'a company','2021-08-06 15:43:44','Hynek_58@gmail',_binary '','Hynek','Hynek','$2a$12$P1xpvvu9PgWNtB1QryS3w.w0YPm0jax1h9YG2V3VmIVl.1CU.PONi','10546','Hynek_58'),(59,'a company','2021-08-06 15:43:44','Adi_59@gmail',_binary '','Adi','Adi','$2a$12$P1xpvvu9PgWNtB1QryS3w.w0YPm0jax1h9YG2V3VmIVl.1CU.PONi','19214','Adi_59'),(60,'a company','2021-08-06 15:43:44','Brynne_60@gmail',_binary '','Brynne','Brynne','$2a$12$P1xpvvu9PgWNtB1QryS3w.w0YPm0jax1h9YG2V3VmIVl.1CU.PONi','13587','Brynne_60'),(61,'a company','2021-08-06 15:43:44','Barlas_61@gmail',_binary '','Barlas','Barlas','$2a$12$P1xpvvu9PgWNtB1QryS3w.w0YPm0jax1h9YG2V3VmIVl.1CU.PONi','21286','Barlas_61'),(62,'a company','2021-08-06 15:43:44','Alysia_62@gmail',_binary '','Alysia','Alysia','$2a$12$P1xpvvu9PgWNtB1QryS3w.w0YPm0jax1h9YG2V3VmIVl.1CU.PONi','15487','Alysia_62'),(63,'a company','2021-08-06 15:43:44','Breton_63@gmail',_binary '','Breton','Breton','$2a$12$P1xpvvu9PgWNtB1QryS3w.w0YPm0jax1h9YG2V3VmIVl.1CU.PONi','27281','Breton_63'),(64,'a company','2021-08-06 15:43:44','Farhan_64@gmail',_binary '','Farhan','Farhan','$2a$12$P1xpvvu9PgWNtB1QryS3w.w0YPm0jax1h9YG2V3VmIVl.1CU.PONi','18942','Farhan_64'),(65,'a company','2021-08-06 15:43:44','Darb_65@gmail',_binary '','Darb','Darb','$2a$12$P1xpvvu9PgWNtB1QryS3w.w0YPm0jax1h9YG2V3VmIVl.1CU.PONi','20551','Darb_65'),(66,'a company','2021-08-06 15:43:44','Debbi_66@gmail',_binary '','Debbi','Debbi','$2a$12$P1xpvvu9PgWNtB1QryS3w.w0YPm0jax1h9YG2V3VmIVl.1CU.PONi','13741','Debbi_66'),(67,'a company','2021-08-06 15:43:44','Casi_67@gmail',_binary '','Casi','Casi','$2a$12$P1xpvvu9PgWNtB1QryS3w.w0YPm0jax1h9YG2V3VmIVl.1CU.PONi','22666','Casi_67'),(68,'a company','2021-08-06 15:43:44','Corrinne_68@gmail',_binary '','Corrinne','Corrinne','$2a$12$P1xpvvu9PgWNtB1QryS3w.w0YPm0jax1h9YG2V3VmIVl.1CU.PONi','16161','Corrinne_68'),(69,'a company','2021-08-06 15:43:44','Annadiane_69@gmail',_binary '','Annadiane','Annadiane','$2a$12$P1xpvvu9PgWNtB1QryS3w.w0YPm0jax1h9YG2V3VmIVl.1CU.PONi','18305','Annadiane_69'),(70,'a company','2021-08-06 15:43:44','Jocelyne_70@gmail',_binary '','Jocelyne','Jocelyne','$2a$12$P1xpvvu9PgWNtB1QryS3w.w0YPm0jax1h9YG2V3VmIVl.1CU.PONi','16851','Jocelyne_70'),(71,'a company','2021-08-06 15:43:44','Cthrine_71@gmail',_binary '','Cthrine','Cthrine','$2a$12$P1xpvvu9PgWNtB1QryS3w.w0YPm0jax1h9YG2V3VmIVl.1CU.PONi','10682','Cthrine_71'),(72,'a company','2021-08-06 15:43:44','Adriaens_72@gmail',_binary '','Adriaens','Adriaens','$2a$12$P1xpvvu9PgWNtB1QryS3w.w0YPm0jax1h9YG2V3VmIVl.1CU.PONi','23019','Adriaens_72'),(73,'a company','2021-08-06 15:43:44','Akram_73@gmail',_binary '','Akram','Akram','$2a$12$P1xpvvu9PgWNtB1QryS3w.w0YPm0jax1h9YG2V3VmIVl.1CU.PONi','15250','Akram_73'),(74,'a company','2021-08-06 15:43:44','Freya_74@gmail',_binary '','Freya','Freya','$2a$12$P1xpvvu9PgWNtB1QryS3w.w0YPm0jax1h9YG2V3VmIVl.1CU.PONi','26590','Freya_74'),(75,'a company','2021-08-06 15:43:44','Druci_75@gmail',_binary '','Druci','Druci','$2a$12$P1xpvvu9PgWNtB1QryS3w.w0YPm0jax1h9YG2V3VmIVl.1CU.PONi','17228','Druci_75'),(76,'a company','2021-08-06 15:43:44','Danita_76@gmail',_binary '','Danita','Danita','$2a$12$P1xpvvu9PgWNtB1QryS3w.w0YPm0jax1h9YG2V3VmIVl.1CU.PONi','17313','Danita_76'),(77,'a company','2021-08-06 15:43:44','Ezmeralda_77@gmail',_binary '','Ezmeralda','Ezmeralda','$2a$12$P1xpvvu9PgWNtB1QryS3w.w0YPm0jax1h9YG2V3VmIVl.1CU.PONi','11005','Ezmeralda_77'),(78,'a company','2021-08-06 15:43:44','Fianna_78@gmail',_binary '','Fianna','Fianna','$2a$12$P1xpvvu9PgWNtB1QryS3w.w0YPm0jax1h9YG2V3VmIVl.1CU.PONi','28869','Fianna_78'),(79,'a company','2021-08-06 15:43:44','Farzad_79@gmail',_binary '','Farzad','Farzad','$2a$12$P1xpvvu9PgWNtB1QryS3w.w0YPm0jax1h9YG2V3VmIVl.1CU.PONi','23968','Farzad_79'),(80,'a company','2021-08-06 15:43:44','Gerladina_80@gmail',_binary '','Gerladina','Gerladina','$2a$12$P1xpvvu9PgWNtB1QryS3w.w0YPm0jax1h9YG2V3VmIVl.1CU.PONi','19784','Gerladina_80'),(81,'a company','2021-08-06 15:43:44','Jing_81@gmail',_binary '','Jing','Jing','$2a$12$P1xpvvu9PgWNtB1QryS3w.w0YPm0jax1h9YG2V3VmIVl.1CU.PONi','16951','Jing_81'),(82,'a company','2021-08-06 15:43:44','Caroline_82@gmail',_binary '','Caroline','Caroline','$2a$12$P1xpvvu9PgWNtB1QryS3w.w0YPm0jax1h9YG2V3VmIVl.1CU.PONi','12317','Caroline_82'),(83,'a company','2021-08-06 15:43:44','Carter_83@gmail',_binary '','Carter','Carter','$2a$12$P1xpvvu9PgWNtB1QryS3w.w0YPm0jax1h9YG2V3VmIVl.1CU.PONi','19760','Carter_83'),(84,'a company','2021-08-06 15:43:44','Coriss_84@gmail',_binary '','Coriss','Coriss','$2a$12$P1xpvvu9PgWNtB1QryS3w.w0YPm0jax1h9YG2V3VmIVl.1CU.PONi','28511','Coriss_84'),(85,'a company','2021-08-06 15:43:44','Ardis_85@gmail',_binary '','Ardis','Ardis','$2a$12$P1xpvvu9PgWNtB1QryS3w.w0YPm0jax1h9YG2V3VmIVl.1CU.PONi','10277','Ardis_85'),(86,'a company','2021-08-06 15:43:44','Ilyssa_86@gmail',_binary '','Ilyssa','Ilyssa','$2a$12$P1xpvvu9PgWNtB1QryS3w.w0YPm0jax1h9YG2V3VmIVl.1CU.PONi','11242','Ilyssa_86'),(87,'a company','2021-08-06 15:43:44','Heather_87@gmail',_binary '','Heather','Heather','$2a$12$P1xpvvu9PgWNtB1QryS3w.w0YPm0jax1h9YG2V3VmIVl.1CU.PONi','17130','Heather_87'),(88,'a company','2021-08-06 15:43:44','Darrell_88@gmail',_binary '','Darrell','Darrell','$2a$12$P1xpvvu9PgWNtB1QryS3w.w0YPm0jax1h9YG2V3VmIVl.1CU.PONi','15620','Darrell_88'),(89,'a company','2021-08-06 15:43:44','Dieter_89@gmail',_binary '','Dieter','Dieter','$2a$12$P1xpvvu9PgWNtB1QryS3w.w0YPm0jax1h9YG2V3VmIVl.1CU.PONi','11226','Dieter_89'),(90,'a company','2021-08-06 15:43:44','Bendite_90@gmail',_binary '','Bendite','Bendite','$2a$12$P1xpvvu9PgWNtB1QryS3w.w0YPm0jax1h9YG2V3VmIVl.1CU.PONi','21368','Bendite_90'),(91,'a company','2021-08-06 15:43:44','Berenice_91@gmail',_binary '','Berenice','Berenice','$2a$12$P1xpvvu9PgWNtB1QryS3w.w0YPm0jax1h9YG2V3VmIVl.1CU.PONi','28788','Berenice_91'),(92,'a company','2021-08-06 15:43:44','Elmer_92@gmail',_binary '','Elmer','Elmer','$2a$12$P1xpvvu9PgWNtB1QryS3w.w0YPm0jax1h9YG2V3VmIVl.1CU.PONi','16360','Elmer_92'),(93,'a company','2021-08-06 15:43:44','Anky_93@gmail',_binary '','Anky','Anky','$2a$12$P1xpvvu9PgWNtB1QryS3w.w0YPm0jax1h9YG2V3VmIVl.1CU.PONi','22781','Anky_93'),(94,'a company','2021-08-06 15:43:44','Diandra_94@gmail',_binary '','Diandra','Diandra','$2a$12$P1xpvvu9PgWNtB1QryS3w.w0YPm0jax1h9YG2V3VmIVl.1CU.PONi','26377','Diandra_94'),(95,'a company','2021-08-06 15:43:44','Cecily_95@gmail',_binary '','Cecily','Cecily','$2a$12$P1xpvvu9PgWNtB1QryS3w.w0YPm0jax1h9YG2V3VmIVl.1CU.PONi','23183','Cecily_95'),(96,'a company','2021-08-06 15:43:44','Adrian_96@gmail',_binary '','Adrian','Adrian','$2a$12$P1xpvvu9PgWNtB1QryS3w.w0YPm0jax1h9YG2V3VmIVl.1CU.PONi','15143','Adrian_96'),(97,'a company','2021-08-06 15:43:44','Howie_97@gmail',_binary '','Howie','Howie','$2a$12$P1xpvvu9PgWNtB1QryS3w.w0YPm0jax1h9YG2V3VmIVl.1CU.PONi','20739','Howie_97'),(98,'a company','2021-08-06 15:43:44','Guido_98@gmail',_binary '','Guido','Guido','$2a$12$P1xpvvu9PgWNtB1QryS3w.w0YPm0jax1h9YG2V3VmIVl.1CU.PONi','14428','Guido_98'),(99,'a company','2021-08-06 15:43:44','Cristina_99@gmail',_binary '','Cristina','Cristina','$2a$12$P1xpvvu9PgWNtB1QryS3w.w0YPm0jax1h9YG2V3VmIVl.1CU.PONi','16980','Cristina_99'),(100,'a company','2021-08-06 15:43:44','Feynman_100@gmail',_binary '','Feynman','Feynman','$2a$12$P1xpvvu9PgWNtB1QryS3w.w0YPm0jax1h9YG2V3VmIVl.1CU.PONi','13159','Feynman_100'),(101,'a company','2021-08-06 15:43:44','Jasbinder_101@gmail',_binary '','Jasbinder','Jasbinder','$2a$12$P1xpvvu9PgWNtB1QryS3w.w0YPm0jax1h9YG2V3VmIVl.1CU.PONi','27944','Jasbinder_101'),(102,'a company','2021-08-06 15:43:44','Jag_102@gmail',_binary '','Jag','Jag','$2a$12$P1xpvvu9PgWNtB1QryS3w.w0YPm0jax1h9YG2V3VmIVl.1CU.PONi','27508','Jag_102'),(103,'a company','2021-08-06 15:43:44','Goldina_103@gmail',_binary '','Goldina','Goldina','$2a$12$P1xpvvu9PgWNtB1QryS3w.w0YPm0jax1h9YG2V3VmIVl.1CU.PONi','27449','Goldina_103'),(104,'a company','2021-08-06 15:43:44','Alta_104@gmail',_binary '','Alta','Alta','$2a$12$P1xpvvu9PgWNtB1QryS3w.w0YPm0jax1h9YG2V3VmIVl.1CU.PONi','11323','Alta_104'),(105,'a company','2021-08-06 15:43:44','Ariana_105@gmail',_binary '','Ariana','Ariana','$2a$12$P1xpvvu9PgWNtB1QryS3w.w0YPm0jax1h9YG2V3VmIVl.1CU.PONi','15560','Ariana_105'),(106,'a company','2021-08-06 15:43:44','Jacquelynn_106@gmail',_binary '','Jacquelynn','Jacquelynn','$2a$12$P1xpvvu9PgWNtB1QryS3w.w0YPm0jax1h9YG2V3VmIVl.1CU.PONi','27636','Jacquelynn_106'),(107,'a company','2021-08-06 15:43:44','Bryna_107@gmail',_binary '','Bryna','Bryna','$2a$12$P1xpvvu9PgWNtB1QryS3w.w0YPm0jax1h9YG2V3VmIVl.1CU.PONi','20886','Bryna_107'),(108,'a company','2021-08-06 15:43:44','Dick_108@gmail',_binary '','Dick','Dick','$2a$12$P1xpvvu9PgWNtB1QryS3w.w0YPm0jax1h9YG2V3VmIVl.1CU.PONi','18365','Dick_108'),(109,'a company','2021-08-06 15:43:44','Charisse_109@gmail',_binary '','Charisse','Charisse','$2a$12$P1xpvvu9PgWNtB1QryS3w.w0YPm0jax1h9YG2V3VmIVl.1CU.PONi','21150','Charisse_109'),(110,'a company','2021-08-06 15:43:44','Carilyn_110@gmail',_binary '','Carilyn','Carilyn','$2a$12$P1xpvvu9PgWNtB1QryS3w.w0YPm0jax1h9YG2V3VmIVl.1CU.PONi','17706','Carilyn_110'),(111,'a company','2021-08-06 15:43:44','Grietje_111@gmail',_binary '','Grietje','Grietje','$2a$12$P1xpvvu9PgWNtB1QryS3w.w0YPm0jax1h9YG2V3VmIVl.1CU.PONi','26016','Grietje_111'),(112,'a company','2021-08-06 15:43:44','Elfrida_112@gmail',_binary '','Elfrida','Elfrida','$2a$12$P1xpvvu9PgWNtB1QryS3w.w0YPm0jax1h9YG2V3VmIVl.1CU.PONi','28060','Elfrida_112'),(113,'a company','2021-08-06 15:43:44','Catina_113@gmail',_binary '','Catina','Catina','$2a$12$P1xpvvu9PgWNtB1QryS3w.w0YPm0jax1h9YG2V3VmIVl.1CU.PONi','11282','Catina_113'),(114,'a company','2021-08-06 15:43:44','Amandi_114@gmail',_binary '','Amandi','Amandi','$2a$12$P1xpvvu9PgWNtB1QryS3w.w0YPm0jax1h9YG2V3VmIVl.1CU.PONi','22459','Amandi_114'),(115,'a company','2021-08-06 15:43:44','Helsa_115@gmail',_binary '','Helsa','Helsa','$2a$12$P1xpvvu9PgWNtB1QryS3w.w0YPm0jax1h9YG2V3VmIVl.1CU.PONi','14096','Helsa_115'),(116,'a company','2021-08-06 15:43:44','Annice_116@gmail',_binary '','Annice','Annice','$2a$12$P1xpvvu9PgWNtB1QryS3w.w0YPm0jax1h9YG2V3VmIVl.1CU.PONi','29248','Annice_116'),(117,'a company','2021-08-06 15:43:44','Ame_117@gmail',_binary '','Ame','Ame','$2a$12$P1xpvvu9PgWNtB1QryS3w.w0YPm0jax1h9YG2V3VmIVl.1CU.PONi','28703','Ame_117'),(118,'a company','2021-08-06 15:43:44','Bevyn_118@gmail',_binary '','Bevyn','Bevyn','$2a$12$P1xpvvu9PgWNtB1QryS3w.w0YPm0jax1h9YG2V3VmIVl.1CU.PONi','28545','Bevyn_118'),(119,'a company','2021-08-06 15:43:44','Jennee_119@gmail',_binary '','Jennee','Jennee','$2a$12$P1xpvvu9PgWNtB1QryS3w.w0YPm0jax1h9YG2V3VmIVl.1CU.PONi','18740','Jennee_119'),(120,'a company','2021-08-06 15:43:44','Iris_120@gmail',_binary '','Iris','Iris','$2a$12$P1xpvvu9PgWNtB1QryS3w.w0YPm0jax1h9YG2V3VmIVl.1CU.PONi','19684','Iris_120'),(121,'a company','2021-08-06 15:43:44','Doris_121@gmail',_binary '','Doris','Doris','$2a$12$P1xpvvu9PgWNtB1QryS3w.w0YPm0jax1h9YG2V3VmIVl.1CU.PONi','13745','Doris_121'),(122,'a company','2021-08-06 15:43:44','Isoft_122@gmail',_binary '','Isoft','Isoft','$2a$12$P1xpvvu9PgWNtB1QryS3w.w0YPm0jax1h9YG2V3VmIVl.1CU.PONi','19082','Isoft_122'),(123,'a company','2021-08-06 15:43:44','Gurjit_123@gmail',_binary '','Gurjit','Gurjit','$2a$12$P1xpvvu9PgWNtB1QryS3w.w0YPm0jax1h9YG2V3VmIVl.1CU.PONi','11499','Gurjit_123'),(124,'a company','2021-08-06 15:43:44','Adelice_124@gmail',_binary '','Adelice','Adelice','$2a$12$P1xpvvu9PgWNtB1QryS3w.w0YPm0jax1h9YG2V3VmIVl.1CU.PONi','10476','Adelice_124'),(125,'a company','2021-08-06 15:43:44','Corene_125@gmail',_binary '','Corene','Corene','$2a$12$P1xpvvu9PgWNtB1QryS3w.w0YPm0jax1h9YG2V3VmIVl.1CU.PONi','13771','Corene_125'),(126,'a company','2021-08-06 15:43:44','Bassam_126@gmail',_binary '','Bassam','Bassam','$2a$12$P1xpvvu9PgWNtB1QryS3w.w0YPm0jax1h9YG2V3VmIVl.1CU.PONi','17852','Bassam_126'),(127,'a company','2021-08-06 15:43:44','Corrinne_127@gmail',_binary '','Corrinne','Corrinne','$2a$12$P1xpvvu9PgWNtB1QryS3w.w0YPm0jax1h9YG2V3VmIVl.1CU.PONi','15309','Corrinne_127'),(128,'a company','2021-08-06 15:43:44','Danita_128@gmail',_binary '','Danita','Danita','$2a$12$P1xpvvu9PgWNtB1QryS3w.w0YPm0jax1h9YG2V3VmIVl.1CU.PONi','15484','Danita_128'),(129,'a company','2021-08-06 15:43:44','Audra_129@gmail',_binary '','Audra','Audra','$2a$12$P1xpvvu9PgWNtB1QryS3w.w0YPm0jax1h9YG2V3VmIVl.1CU.PONi','13369','Audra_129'),(130,'a company','2021-08-06 15:43:44','Jacquelyn_130@gmail',_binary '','Jacquelyn','Jacquelyn','$2a$12$P1xpvvu9PgWNtB1QryS3w.w0YPm0jax1h9YG2V3VmIVl.1CU.PONi','22395','Jacquelyn_130'),(131,'a company','2021-08-06 15:43:44','Jaclin_131@gmail',_binary '','Jaclin','Jaclin','$2a$12$P1xpvvu9PgWNtB1QryS3w.w0YPm0jax1h9YG2V3VmIVl.1CU.PONi','19634','Jaclin_131'),(132,'a company','2021-08-06 15:43:44','Brenda_132@gmail',_binary '','Brenda','Brenda','$2a$12$P1xpvvu9PgWNtB1QryS3w.w0YPm0jax1h9YG2V3VmIVl.1CU.PONi','25630','Brenda_132'),(133,'a company','2021-08-06 15:43:44','Angy_133@gmail',_binary '','Angy','Angy','$2a$12$P1xpvvu9PgWNtB1QryS3w.w0YPm0jax1h9YG2V3VmIVl.1CU.PONi','16803','Angy_133'),(134,'a company','2021-08-06 15:43:44','Albertina_134@gmail',_binary '','Albertina','Albertina','$2a$12$P1xpvvu9PgWNtB1QryS3w.w0YPm0jax1h9YG2V3VmIVl.1CU.PONi','10893','Albertina_134'),(135,'a company','2021-08-06 15:43:44','Gurjinder_135@gmail',_binary '','Gurjinder','Gurjinder','$2a$12$P1xpvvu9PgWNtB1QryS3w.w0YPm0jax1h9YG2V3VmIVl.1CU.PONi','19684','Gurjinder_135'),(136,'a company','2021-08-06 15:43:44','Cati_136@gmail',_binary '','Cati','Cati','$2a$12$P1xpvvu9PgWNtB1QryS3w.w0YPm0jax1h9YG2V3VmIVl.1CU.PONi','24740','Cati_136'),(137,'a company','2021-08-06 15:43:44','Cassaundra_137@gmail',_binary '','Cassaundra','Cassaundra','$2a$12$P1xpvvu9PgWNtB1QryS3w.w0YPm0jax1h9YG2V3VmIVl.1CU.PONi','23059','Cassaundra_137'),(138,'a company','2021-08-06 15:43:44','Alparslan_138@gmail',_binary '','Alparslan','Alparslan','$2a$12$P1xpvvu9PgWNtB1QryS3w.w0YPm0jax1h9YG2V3VmIVl.1CU.PONi','20398','Alparslan_138'),(139,'a company','2021-08-06 15:43:44','Jo-ann_139@gmail',_binary '','Jo-ann','Jo-ann','$2a$12$P1xpvvu9PgWNtB1QryS3w.w0YPm0jax1h9YG2V3VmIVl.1CU.PONi','24937','Jo-ann_139'),(140,'a company','2021-08-06 15:43:44','Brandon_140@gmail',_binary '','Brandon','Brandon','$2a$12$P1xpvvu9PgWNtB1QryS3w.w0YPm0jax1h9YG2V3VmIVl.1CU.PONi','17051','Brandon_140'),(141,'a company','2021-08-06 15:43:44','Grethel_141@gmail',_binary '','Grethel','Grethel','$2a$12$P1xpvvu9PgWNtB1QryS3w.w0YPm0jax1h9YG2V3VmIVl.1CU.PONi','27790','Grethel_141'),(142,'a company','2021-08-06 15:43:44','Faustina_142@gmail',_binary '','Faustina','Faustina','$2a$12$P1xpvvu9PgWNtB1QryS3w.w0YPm0jax1h9YG2V3VmIVl.1CU.PONi','21659','Faustina_142'),(143,'a company','2021-08-06 15:43:44','Barbi_143@gmail',_binary '','Barbi','Barbi','$2a$12$P1xpvvu9PgWNtB1QryS3w.w0YPm0jax1h9YG2V3VmIVl.1CU.PONi','27747','Barbi_143'),(144,'a company','2021-08-06 15:43:44','Carolyne_144@gmail',_binary '','Carolyne','Carolyne','$2a$12$P1xpvvu9PgWNtB1QryS3w.w0YPm0jax1h9YG2V3VmIVl.1CU.PONi','16527','Carolyne_144'),(145,'a company','2021-08-06 15:43:44','Chloe_145@gmail',_binary '','Chloe','Chloe','$2a$12$P1xpvvu9PgWNtB1QryS3w.w0YPm0jax1h9YG2V3VmIVl.1CU.PONi','12666','Chloe_145'),(146,'a company','2021-08-06 15:43:44','Anderson_146@gmail',_binary '','Anderson','Anderson','$2a$12$P1xpvvu9PgWNtB1QryS3w.w0YPm0jax1h9YG2V3VmIVl.1CU.PONi','24676','Anderson_146'),(147,'a company','2021-08-06 15:43:44','Famke_147@gmail',_binary '','Famke','Famke','$2a$12$P1xpvvu9PgWNtB1QryS3w.w0YPm0jax1h9YG2V3VmIVl.1CU.PONi','28820','Famke_147'),(148,'a company','2021-08-06 15:43:44','Jean-Luc_148@gmail',_binary '','Jean-Luc','Jean-Luc','$2a$12$P1xpvvu9PgWNtB1QryS3w.w0YPm0jax1h9YG2V3VmIVl.1CU.PONi','17452','Jean-Luc_148'),(149,'a company','2021-08-06 15:43:44','Jimmy_149@gmail',_binary '','Jimmy','Jimmy','$2a$12$P1xpvvu9PgWNtB1QryS3w.w0YPm0jax1h9YG2V3VmIVl.1CU.PONi','20052','Jimmy_149'),(150,'a company','2021-08-06 15:43:44','Celestia_150@gmail',_binary '','Celestia','Celestia','$2a$12$P1xpvvu9PgWNtB1QryS3w.w0YPm0jax1h9YG2V3VmIVl.1CU.PONi','16121','Celestia_150'),(151,'a company','2021-08-06 15:43:44','Gwenni_151@gmail',_binary '','Gwenni','Gwenni','$2a$12$P1xpvvu9PgWNtB1QryS3w.w0YPm0jax1h9YG2V3VmIVl.1CU.PONi','28972','Gwenni_151'),(152,'a company','2021-08-06 15:43:44','Bora_152@gmail',_binary '','Bora','Bora','$2a$12$P1xpvvu9PgWNtB1QryS3w.w0YPm0jax1h9YG2V3VmIVl.1CU.PONi','20955','Bora_152'),(153,'a company','2021-08-06 15:43:44','Drona_153@gmail',_binary '','Drona','Drona','$2a$12$P1xpvvu9PgWNtB1QryS3w.w0YPm0jax1h9YG2V3VmIVl.1CU.PONi','28972','Drona_153'),(154,'a company','2021-08-06 15:43:44','Andrejs_154@gmail',_binary '','Andrejs','Andrejs','$2a$12$P1xpvvu9PgWNtB1QryS3w.w0YPm0jax1h9YG2V3VmIVl.1CU.PONi','18031','Andrejs_154'),(155,'a company','2021-08-06 15:43:44','Advance_155@gmail',_binary '','Advance','Advance','$2a$12$P1xpvvu9PgWNtB1QryS3w.w0YPm0jax1h9YG2V3VmIVl.1CU.PONi','17987','Advance_155'),(156,'a company','2021-08-06 15:43:44','Amalle_156@gmail',_binary '','Amalle','Amalle','$2a$12$P1xpvvu9PgWNtB1QryS3w.w0YPm0jax1h9YG2V3VmIVl.1CU.PONi','18783','Amalle_156'),(157,'a company','2021-08-06 15:43:44','Hyacinthie_157@gmail',_binary '','Hyacinthie','Hyacinthie','$2a$12$P1xpvvu9PgWNtB1QryS3w.w0YPm0jax1h9YG2V3VmIVl.1CU.PONi','12323','Hyacinthie_157'),(158,'a company','2021-08-06 15:43:44','Afke_158@gmail',_binary '','Afke','Afke','$2a$12$P1xpvvu9PgWNtB1QryS3w.w0YPm0jax1h9YG2V3VmIVl.1CU.PONi','10324','Afke_158'),(159,'a company','2021-08-06 15:43:44','Gilly_159@gmail',_binary '','Gilly','Gilly','$2a$12$P1xpvvu9PgWNtB1QryS3w.w0YPm0jax1h9YG2V3VmIVl.1CU.PONi','21769','Gilly_159'),(160,'a company','2021-08-06 15:43:44','Dawn_160@gmail',_binary '','Dawn','Dawn','$2a$12$P1xpvvu9PgWNtB1QryS3w.w0YPm0jax1h9YG2V3VmIVl.1CU.PONi','15052','Dawn_160'),(161,'a company','2021-08-06 15:43:44','Dhansukh_161@gmail',_binary '','Dhansukh','Dhansukh','$2a$12$P1xpvvu9PgWNtB1QryS3w.w0YPm0jax1h9YG2V3VmIVl.1CU.PONi','20750','Dhansukh_161'),(162,'a company','2021-08-06 15:43:44','Dieuwertje_162@gmail',_binary '','Dieuwertje','Dieuwertje','$2a$12$P1xpvvu9PgWNtB1QryS3w.w0YPm0jax1h9YG2V3VmIVl.1CU.PONi','15676','Dieuwertje_162'),(163,'a company','2021-08-06 15:43:44','Gregg_163@gmail',_binary '','Gregg','Gregg','$2a$12$P1xpvvu9PgWNtB1QryS3w.w0YPm0jax1h9YG2V3VmIVl.1CU.PONi','14900','Gregg_163'),(164,'a company','2021-08-06 15:43:44','Hedvige_164@gmail',_binary '','Hedvige','Hedvige','$2a$12$P1xpvvu9PgWNtB1QryS3w.w0YPm0jax1h9YG2V3VmIVl.1CU.PONi','20478','Hedvige_164'),(165,'a company','2021-08-06 15:43:44','Anna-maria_165@gmail',_binary '','Anna-maria','Anna-maria','$2a$12$P1xpvvu9PgWNtB1QryS3w.w0YPm0jax1h9YG2V3VmIVl.1CU.PONi','26854','Anna-maria_165'),(166,'a company','2021-08-06 15:43:44','Carla_166@gmail',_binary '','Carla','Carla','$2a$12$P1xpvvu9PgWNtB1QryS3w.w0YPm0jax1h9YG2V3VmIVl.1CU.PONi','14138','Carla_166'),(167,'a company','2021-08-06 15:43:44','Arne_167@gmail',_binary '','Arne','Arne','$2a$12$P1xpvvu9PgWNtB1QryS3w.w0YPm0jax1h9YG2V3VmIVl.1CU.PONi','27874','Arne_167'),(168,'a company','2021-08-06 15:43:44','Griselda_168@gmail',_binary '','Griselda','Griselda','$2a$12$P1xpvvu9PgWNtB1QryS3w.w0YPm0jax1h9YG2V3VmIVl.1CU.PONi','20356','Griselda_168'),(169,'a company','2021-08-06 15:43:44','Han-Co_169@gmail',_binary '','Han-Co','Han-Co','$2a$12$P1xpvvu9PgWNtB1QryS3w.w0YPm0jax1h9YG2V3VmIVl.1CU.PONi','28119','Han-Co_169'),(170,'a company','2021-08-06 15:43:44','Bal_170@gmail',_binary '','Bal','Bal','$2a$12$P1xpvvu9PgWNtB1QryS3w.w0YPm0jax1h9YG2V3VmIVl.1CU.PONi','19795','Bal_170'),(171,'a company','2021-08-06 15:43:44','Dorreen_171@gmail',_binary '','Dorreen','Dorreen','$2a$12$P1xpvvu9PgWNtB1QryS3w.w0YPm0jax1h9YG2V3VmIVl.1CU.PONi','15173','Dorreen_171'),(172,'a company','2021-08-06 15:43:44','Galen_172@gmail',_binary '','Galen','Galen','$2a$12$P1xpvvu9PgWNtB1QryS3w.w0YPm0jax1h9YG2V3VmIVl.1CU.PONi','18103','Galen_172'),(173,'a company','2021-08-06 15:43:44','Gretel_173@gmail',_binary '','Gretel','Gretel','$2a$12$P1xpvvu9PgWNtB1QryS3w.w0YPm0jax1h9YG2V3VmIVl.1CU.PONi','12110','Gretel_173'),(174,'a company','2021-08-06 15:43:44','Hans_174@gmail',_binary '','Hans','Hans','$2a$12$P1xpvvu9PgWNtB1QryS3w.w0YPm0jax1h9YG2V3VmIVl.1CU.PONi','24095','Hans_174'),(175,'a company','2021-08-06 15:43:44','Brandon_175@gmail',_binary '','Brandon','Brandon','$2a$12$P1xpvvu9PgWNtB1QryS3w.w0YPm0jax1h9YG2V3VmIVl.1CU.PONi','27739','Brandon_175'),(176,'a company','2021-08-06 15:43:44','Homa_176@gmail',_binary '','Homa','Homa','$2a$12$P1xpvvu9PgWNtB1QryS3w.w0YPm0jax1h9YG2V3VmIVl.1CU.PONi','27631','Homa_176'),(177,'a company','2021-08-06 15:43:44','Adela_177@gmail',_binary '','Adela','Adela','$2a$12$P1xpvvu9PgWNtB1QryS3w.w0YPm0jax1h9YG2V3VmIVl.1CU.PONi','22966','Adela_177'),(178,'a company','2021-08-06 15:43:44','Ayn_178@gmail',_binary '','Ayn','Ayn','$2a$12$P1xpvvu9PgWNtB1QryS3w.w0YPm0jax1h9YG2V3VmIVl.1CU.PONi','18453','Ayn_178'),(179,'a company','2021-08-06 15:43:44','Aggy_179@gmail',_binary '','Aggy','Aggy','$2a$12$P1xpvvu9PgWNtB1QryS3w.w0YPm0jax1h9YG2V3VmIVl.1CU.PONi','23653','Aggy_179'),(180,'a company','2021-08-06 15:43:44','Adrianna_180@gmail',_binary '','Adrianna','Adrianna','$2a$12$P1xpvvu9PgWNtB1QryS3w.w0YPm0jax1h9YG2V3VmIVl.1CU.PONi','12042','Adrianna_180'),(181,'a company','2021-08-06 15:43:44','Elfrida_181@gmail',_binary '','Elfrida','Elfrida','$2a$12$P1xpvvu9PgWNtB1QryS3w.w0YPm0jax1h9YG2V3VmIVl.1CU.PONi','14531','Elfrida_181'),(182,'a company','2021-08-06 15:43:44','Apurve_182@gmail',_binary '','Apurve','Apurve','$2a$12$P1xpvvu9PgWNtB1QryS3w.w0YPm0jax1h9YG2V3VmIVl.1CU.PONi','14538','Apurve_182'),(183,'a company','2021-08-06 15:43:44','Hemant_183@gmail',_binary '','Hemant','Hemant','$2a$12$P1xpvvu9PgWNtB1QryS3w.w0YPm0jax1h9YG2V3VmIVl.1CU.PONi','19073','Hemant_183'),(184,'a company','2021-08-06 15:43:44','Edel_184@gmail',_binary '','Edel','Edel','$2a$12$P1xpvvu9PgWNtB1QryS3w.w0YPm0jax1h9YG2V3VmIVl.1CU.PONi','23142','Edel_184'),(185,'a company','2021-08-06 15:43:44','Emran_185@gmail',_binary '','Emran','Emran','$2a$12$P1xpvvu9PgWNtB1QryS3w.w0YPm0jax1h9YG2V3VmIVl.1CU.PONi','12924','Emran_185'),(186,'a company','2021-08-06 15:43:44','Delphinia_186@gmail',_binary '','Delphinia','Delphinia','$2a$12$P1xpvvu9PgWNtB1QryS3w.w0YPm0jax1h9YG2V3VmIVl.1CU.PONi','10245','Delphinia_186'),(187,'a company','2021-08-06 15:43:44','Dora_187@gmail',_binary '','Dora','Dora','$2a$12$P1xpvvu9PgWNtB1QryS3w.w0YPm0jax1h9YG2V3VmIVl.1CU.PONi','20395','Dora_187'),(188,'a company','2021-08-06 15:43:44','Isabeau_188@gmail',_binary '','Isabeau','Isabeau','$2a$12$P1xpvvu9PgWNtB1QryS3w.w0YPm0jax1h9YG2V3VmIVl.1CU.PONi','24362','Isabeau_188'),(189,'a company','2021-08-06 15:43:44','Blondie_189@gmail',_binary '','Blondie','Blondie','$2a$12$P1xpvvu9PgWNtB1QryS3w.w0YPm0jax1h9YG2V3VmIVl.1CU.PONi','20255','Blondie_189'),(190,'a company','2021-08-06 15:43:44','Florinda_190@gmail',_binary '','Florinda','Florinda','$2a$12$P1xpvvu9PgWNtB1QryS3w.w0YPm0jax1h9YG2V3VmIVl.1CU.PONi','25690','Florinda_190'),(191,'a company','2021-08-06 15:43:44','Gaetan_191@gmail',_binary '','Gaetan','Gaetan','$2a$12$P1xpvvu9PgWNtB1QryS3w.w0YPm0jax1h9YG2V3VmIVl.1CU.PONi','23508','Gaetan_191'),(192,'a company','2021-08-06 15:43:44','Eastreg_192@gmail',_binary '','Eastreg','Eastreg','$2a$12$P1xpvvu9PgWNtB1QryS3w.w0YPm0jax1h9YG2V3VmIVl.1CU.PONi','19018','Eastreg_192'),(193,'a company','2021-08-06 15:43:44','Alfonzo_193@gmail',_binary '','Alfonzo','Alfonzo','$2a$12$P1xpvvu9PgWNtB1QryS3w.w0YPm0jax1h9YG2V3VmIVl.1CU.PONi','12344','Alfonzo_193'),(194,'a company','2021-08-06 15:43:44','Evie_194@gmail',_binary '','Evie','Evie','$2a$12$P1xpvvu9PgWNtB1QryS3w.w0YPm0jax1h9YG2V3VmIVl.1CU.PONi','22081','Evie_194'),(195,'a company','2021-08-06 15:43:44','Dineke_195@gmail',_binary '','Dineke','Dineke','$2a$12$P1xpvvu9PgWNtB1QryS3w.w0YPm0jax1h9YG2V3VmIVl.1CU.PONi','16679','Dineke_195'),(196,'a company','2021-08-06 15:43:44','Carlyn_196@gmail',_binary '','Carlyn','Carlyn','$2a$12$P1xpvvu9PgWNtB1QryS3w.w0YPm0jax1h9YG2V3VmIVl.1CU.PONi','19816','Carlyn_196'),(197,'a company','2021-08-06 15:43:44','Chu-Chay_197@gmail',_binary '','Chu-Chay','Chu-Chay','$2a$12$P1xpvvu9PgWNtB1QryS3w.w0YPm0jax1h9YG2V3VmIVl.1CU.PONi','15412','Chu-Chay_197'),(198,'a company','2021-08-06 15:43:44','Else_198@gmail',_binary '','Else','Else','$2a$12$P1xpvvu9PgWNtB1QryS3w.w0YPm0jax1h9YG2V3VmIVl.1CU.PONi','12784','Else_198'),(199,'a company','2021-08-06 15:43:44','Isobel_199@gmail',_binary '','Isobel','Isobel','$2a$12$P1xpvvu9PgWNtB1QryS3w.w0YPm0jax1h9YG2V3VmIVl.1CU.PONi','29860','Isobel_199'),(200,'a company','2021-08-06 15:43:44','Effie_200@gmail',_binary '','Effie','Effie','$2a$12$P1xpvvu9PgWNtB1QryS3w.w0YPm0jax1h9YG2V3VmIVl.1CU.PONi','22360','Effie_200'),(201,'a company','2021-08-06 15:43:44','myuser_201@gmail',_binary '','myuser','myuser','$2a$12$P1xpvvu9PgWNtB1QryS3w.w0YPm0jax1h9YG2V3VmIVl.1CU.PONi','15104','myuser_201'),(202,'me','2021-08-06 15:43:44','admin@linkedit',_binary '','Administrator','Administrator','$2a$12$FVp6AzfRKiI6BWMEXGyrAeV.KagVfWdpd7llbRl.BxfIBq/yZQPCG','','admin');
/*!40000 ALTER TABLE `user` ENABLE KEYS */;
UNLOCK TABLES;

--
-- Table structure for table `vote`
--

DROP TABLE IF EXISTS `vote`;
/*!40101 SET @saved_cs_client     = @@character_set_client */;
/*!50503 SET character_set_client = utf8mb4 */;
CREATE TABLE `vote` (
  `vote_id` bigint NOT NULL AUTO_INCREMENT,
  `post_id` bigint NOT NULL,
  `user_id` bigint DEFAULT NULL,
  PRIMARY KEY (`vote_id`),
  KEY `FKl3c067ewaw5xktl5cjvniv3e9` (`post_id`),
  KEY `FKcsaksoe2iepaj8birrmithwve` (`user_id`)
) ENGINE=MyISAM AUTO_INCREMENT=103 DEFAULT CHARSET=utf8mb4 COLLATE=utf8mb4_0900_ai_ci;
/*!40101 SET character_set_client = @saved_cs_client */;

--
-- Dumping data for table `vote`
--

LOCK TABLES `vote` WRITE;
/*!40000 ALTER TABLE `vote` DISABLE KEYS */;
INSERT INTO `vote` VALUES (1,51,2),(2,48,2),(3,60,2),(4,72,2),(5,51,2),(6,63,3),(7,47,3),(8,40,4),(9,27,5),(10,26,5),(11,40,5),(12,44,6),(13,50,7),(14,41,9),(15,70,9),(16,70,9),(17,68,9),(18,59,9),(19,58,9),(20,63,10),(21,57,11),(22,60,11),(23,70,12),(24,63,13),(25,66,14),(26,320,22),(27,320,33),(28,143,1),(29,135,3),(30,131,3),(31,152,4),(32,134,4),(33,144,4),(34,119,5),(35,135,7),(36,146,8),(37,136,9),(38,150,9),(39,144,11),(40,146,11),(41,145,11),(42,155,12),(43,155,14),(44,320,71),(45,320,71),(46,321,72),(47,320,74),(48,320,79),(49,320,92),(50,232,101),(51,198,101),(52,226,101),(53,200,101),(54,223,101),(55,236,101),(56,221,101),(57,213,102),(58,218,104),(59,239,104),(60,232,106),(61,227,107),(62,221,107),(63,232,110),(64,228,111),(65,238,111),(66,239,111),(67,239,113),(68,238,115),(69,238,120),(70,286,151),(71,267,151),(72,296,151),(73,301,151),(74,287,151),(75,275,151),(76,280,151),(77,265,152),(78,279,152),(79,306,153),(80,319,153),(81,307,154),(82,319,154),(83,294,155),(84,281,156),(85,279,157),(86,309,157),(87,290,158),(88,291,158),(89,299,158),(90,310,158),(91,308,158),(92,314,159),(93,316,163),(94,318,163),(95,314,164),(96,312,168),(97,314,171),(98,318,175),(99,319,177),(100,319,185),(101,4,201),(102,6,201);
/*!40000 ALTER TABLE `vote` ENABLE KEYS */;
UNLOCK TABLES;
/*!40103 SET TIME_ZONE=@OLD_TIME_ZONE */;

/*!40101 SET SQL_MODE=@OLD_SQL_MODE */;
/*!40014 SET FOREIGN_KEY_CHECKS=@OLD_FOREIGN_KEY_CHECKS */;
/*!40014 SET UNIQUE_CHECKS=@OLD_UNIQUE_CHECKS */;
/*!40101 SET CHARACTER_SET_CLIENT=@OLD_CHARACTER_SET_CLIENT */;
/*!40101 SET CHARACTER_SET_RESULTS=@OLD_CHARACTER_SET_RESULTS */;
/*!40101 SET COLLATION_CONNECTION=@OLD_COLLATION_CONNECTION */;
/*!40111 SET SQL_NOTES=@OLD_SQL_NOTES */;

-- Dump completed on 2021-08-20 11:49:47
